Identifiant station,Nom de la Station,Nom de la ligne,Niveau de pollution aux particules,Niveau de pollution,Incertitude,Recommandation de surveillance,Action(s) QAI en cours,Lien vers les mesures en direct,Durée des mesures,stop_lon,stop_lat,point_geo,pollution_air,niveau,actions,niveau_pollution
IDFM:490851,Chevilly-Larue (Marché International),Métro 14,pas de données,pas de données,Évaluation : impossible faute d’informations,non,,,,2.367374604185919,48.75848356146962,"48.75848356146962, 2.367374604185919",pas de données,Pas de données,,pas de données
IDFM:462963,République,Métro 9,pollution moyenne,MOYENNE,"Évaluation : modélisation reposant notamment sur la configuration de la station, le trafic et le matériel roulant",non,Action(s) d'amélioration de la qualité de l'air en cours,,,2.3633023407804536,48.86751235781114,"48.86751235781114, 2.3633023407804536",pollution moyenne - incertitude forte,Pollution moyenne,Action(s) d'amélioration de la qualité de l'air en cours,pollution moyenne
IDFM:22082,Franklin D. Roosevelt,Métro 1,pollution faible,FAIBLE,Évaluation : mesures permanentes,non,,https://air-interieur.ratp.fr/,mesures permanentes,2.309359666519628,48.8691648256349,"48.8691648256349, 2.309359666519628",pollution faible - incertitude faible,Pollution faible,,pollution faible
IDFM:22152,Château Rouge,Métro 4,pollution faible,FAIBLE,"Évaluation : modélisation reposant notamment sur la configuration de la station, le trafic et le matériel roulant",non,,,,2.3495819680256598,48.88724193064896,"48.887241930648955, 2.3495819680256593",pollution faible - incertitude forte,Pollution faible,,pollution faible
IDFM:462985,Pont de Levallois - Bécon,Métro 3,pollution faible,FAIBLE,"Évaluation : modélisation reposant notamment sur la configuration de la station, le trafic et le matériel roulant",non,Action(s) d'amélioration de la qualité de l'air en cours,,,2.28030375318625,48.89722831603318,"48.89722831603318, 2.28030375318625",pollution faible - incertitude forte,Pollution faible,Action(s) d'amélioration de la qualité de l'air en cours,pollution faible
IDFM:24687,Danube,Métro 7B,pollution moyenne,MOYENNE,"Évaluation : modélisation reposant notamment sur la configuration de la station, le trafic et le matériel roulant",non,,,,2.393228471227492,48.88194921492064,"48.88194921492064, 2.393228471227492",pollution moyenne - incertitude forte,Pollution moyenne,,pollution moyenne
IDFM:22238,Mairie de Clichy,Métro 13,pollution moyenne,MOYENNE,"Évaluation : modélisation reposant notamment sur la configuration de la station, le trafic et le matériel roulant",non,,,,2.3058484063578857,48.90349897462669,"48.90349897462669, 2.3058484063578857",pollution moyenne - incertitude forte,Pollution moyenne,,pollution moyenne
IDFM:463026,Place d'Italie,Métro 7,pollution moyenne,MOYENNE,"Évaluation : modélisation reposant notamment sur la configuration de la station, le trafic et le matériel roulant",non,,,,2.355330902236442,48.83154938471729,"48.83154938471729, 2.355330902236442",pollution moyenne - incertitude forte,Pollution moyenne,,pollution moyenne
IDFM:21985,Chardon Lagache,Métro 10,pollution faible,FAIBLE,"Évaluation : modélisation reposant notamment sur la configuration de la station, le trafic et le matériel roulant",non,,,,2.26690547594029,48.84508829917885,"48.84508829917885, 2.26690547594029",pollution faible - incertitude forte,Pollution faible,,pollution faible
IDFM:462968,Rennes,Métro 12,pollution moyenne,MOYENNE,"Évaluation : modélisation reposant notamment sur la configuration de la station, le trafic et le matériel roulant",non,,,,2.32802068556793,48.84819024311401,"48.84819024311401, 2.32802068556793",pollution moyenne - incertitude forte,Pollution moyenne,,pollution moyenne
IDFM:480341,Saint-Ouen,Métro 14,pollution moyenne,MOYENNE,"Évaluation : modélisation reposant notamment sur la configuration de la station, le trafic et le matériel roulant",non,,,,2.3227559546697414,48.90516956991565,"48.90516956991565, 2.3227559546697414",pollution moyenne - incertitude forte,Pollution moyenne,,pollution moyenne
IDFM:463115,Bonne Nouvelle,Métro 8,pollution moyenne,MOYENNE,"Évaluation : modélisation reposant notamment sur la configuration de la station, le trafic et le matériel roulant",non,,,,2.348496122542364,48.87048144580479,"48.87048144580479, 2.348496122542364",pollution moyenne - incertitude forte,Pollution moyenne,,pollution moyenne
IDFM:22381,Opéra,Métro 7,pollution faible,FAIBLE,"Évaluation : modélisation reposant notamment sur la configuration de la station, le trafic et le matériel roulant",non,,,,2.3324387808144875,48.87030303390994,"48.87030303390994, 2.3324387808144875",pollution faible - incertitude forte,Pollution faible,,pollution faible
IDFM:22101,La Défense (Grande Arche),Métro 1,pollution faible,FAIBLE,"Évaluation : modélisation reposant notamment sur la configuration de la station, le trafic et le matériel roulant",non,,,,2.237988183098828,48.89181786646099,"48.89181786646099, 2.2379881830988277",pollution faible - incertitude forte,Pollution faible,,pollution faible
IDFM:22013,Gare de l'Est,Métro 5,pollution moyenne,MOYENNE,"Évaluation : modélisation reposant notamment sur la configuration de la station, le trafic et le matériel roulant",non,Action(s) d'amélioration de la qualité de l'air en cours,,,2.35806459441865,48.87616299446643,"48.87616299446643, 2.35806459441865",pollution moyenne - incertitude forte,Pollution moyenne,Action(s) d'amélioration de la qualité de l'air en cours,pollution moyenne
IDFM:463030,Porte de Choisy,Métro 7,pollution faible,FAIBLE,"Évaluation : modélisation reposant notamment sur la configuration de la station, le trafic et le matériel roulant",non,,,,2.3646785940494577,48.82005592914816,"48.82005592914816, 2.3646785940494577",pollution faible - incertitude forte,Pollution faible,,pollution faible
IDFM:22002,Richard-Lenoir,Métro 5,pollution moyenne,MOYENNE,"Évaluation : modélisation reposant notamment sur la configuration de la station, le trafic et le matériel roulant",non,Action(s) d'amélioration de la qualité de l'air en cours,,,2.371813630476951,48.85987693786871,"48.859876937868705, 2.371813630476951",pollution moyenne - incertitude forte,Pollution moyenne,Action(s) d'amélioration de la qualité de l'air en cours,pollution moyenne
IDFM:22375,Pyramides,Métro 7,pollution faible,FAIBLE,"Évaluation : modélisation reposant notamment sur la configuration de la station, le trafic et le matériel roulant",non,,,,2.3344175359665558,48.86588028991413,"48.865880289914124, 2.3344175359665553",pollution faible - incertitude forte,Pollution faible,,pollution faible
IDFM:22134,Strasbourg - Saint-Denis,Métro 4,pollution faible,FAIBLE,"Évaluation : modélisation reposant notamment sur la configuration de la station, le trafic et le matériel roulant",non,,,,2.354491616563834,48.86962358263758,"48.86962358263758, 2.354491616563834",pollution faible - incertitude forte,Pollution faible,,pollution faible
IDFM:463001,Gare de l'Est,Métro 7,pollution moyenne,MOYENNE,"Évaluation : modélisation reposant notamment sur la configuration de la station, le trafic et le matériel roulant",oui,,,,2.358120525273069,48.87627121454162,"48.876271214541624, 2.358120525273069",pollution moyenne - incertitude forte,Pollution moyenne,,pollution moyenne
IDFM:463062,Notre-Dame-de-Lorette,Métro 12,pollution moyenne,MOYENNE,"Évaluation : modélisation reposant notamment sur la configuration de la station, le trafic et le matériel roulant",non,,,,2.337900771823332,48.87604417483004,"48.87604417483004, 2.3379007718233322",pollution moyenne - incertitude forte,Pollution moyenne,,pollution moyenne
IDFM:463296,Rome,Métro 2,pollution moyenne,MOYENNE,"Évaluation : modélisation reposant notamment sur la configuration de la station, le trafic et le matériel roulant",oui,Action(s) d'amélioration de la qualité de l'air en cours,,,2.3213591738229726,48.88234581879614,"48.88234581879614, 2.3213591738229726",pollution moyenne - incertitude forte,Pollution moyenne,Action(s) d'amélioration de la qualité de l'air en cours,pollution moyenne
IDFM:463325,Voltaire,Métro 9,pollution moyenne,MOYENNE,"Évaluation : modélisation reposant notamment sur la configuration de la station, le trafic et le matériel roulant",non,Action(s) d'amélioration de la qualité de l'air en cours,,,2.3800316941488044,48.85766243438601,"48.85766243438601, 2.3800316941488044",pollution moyenne - incertitude forte,Pollution moyenne,Action(s) d'amélioration de la qualité de l'air en cours,pollution moyenne
IDFM:22244,Garibaldi,Métro 13,pollution faible,FAIBLE,"Évaluation : modélisation reposant notamment sur la configuration de la station, le trafic et le matériel roulant",non,,,,2.331962553647662,48.906372391923206,"48.906372391923206, 2.331962553647662",pollution faible - incertitude forte,Pollution faible,,pollution faible
IDFM:22196,Richelieu - Drouot,Métro 8,pollution moyenne,MOYENNE,"Évaluation : modélisation reposant notamment sur la configuration de la station, le trafic et le matériel roulant",non,,,,2.3384190255427955,48.87173920910264,"48.87173920910264, 2.3384190255427955",pollution moyenne - incertitude forte,Pollution moyenne,,pollution moyenne
IDFM:22157,Montparnasse Bienvenue,Métro 13,pollution moyenne,MOYENNE,"Évaluation : modélisation reposant notamment sur la configuration de la station, le trafic et le matériel roulant",non,,,,2.320983883036087,48.84231364506487,"48.84231364506487, 2.320983883036087",pollution moyenne - incertitude forte,Pollution moyenne,,pollution moyenne
IDFM:22173,Glacière,Métro 6,station aérienne,station aérienne,,non,,https://www.airparif.fr/,,2.3434974927179884,48.83117023524584,"48.831170235245835, 2.3434974927179884",station aérienne,Station aérienne,,station aérienne
IDFM:462999,Laumière,Métro 5,pollution élevée,ELEVE,"Évaluation : modélisation reposant notamment sur la configuration de la station, le trafic et le matériel roulant",non,Action(s) d'amélioration de la qualité de l'air en cours,,,2.3793117790180998,48.88520088689033,"48.88520088689033, 2.3793117790180993",pollution élevée - incertitude forte,Pollution élevée,Action(s) d'amélioration de la qualité de l'air en cours,pollution élevée
IDFM:463129,Bercy,Métro 14,pollution faible,FAIBLE,Évaluation : campagne de mesure ponctuelle,non,,,campagne de mesure ponctuelle,2.3790620152277238,48.84010199803391,"48.84010199803391, 2.3790620152277233",pollution faible - incertitude faible,Pollution faible,,pollution faible
IDFM:463134,Botzaris,Métro 7B,pollution moyenne,MOYENNE,"Évaluation : modélisation reposant notamment sur la configuration de la station, le trafic et le matériel roulant",non,,,,2.388900951315739,48.879534991268365,"48.879534991268365, 2.388900951315739",pollution moyenne - incertitude forte,Pollution moyenne,,pollution moyenne
IDFM:463288,Quai de la Gare,Métro 6,station aérienne,station aérienne,,non,,https://www.airparif.fr/,,2.372766248948172,48.8370742706096,"48.8370742706096, 2.372766248948172",station aérienne,Station aérienne,,station aérienne
IDFM:22005,Ourcq,Métro 5,pollution élevée,ELEVE,"Évaluation : modélisation reposant notamment sur la configuration de la station, le trafic et le matériel roulant",oui,Action(s) d'amélioration de la qualité de l'air en cours,,,2.3866765356019912,48.88714990283661,"48.88714990283661, 2.3866765356019912",pollution élevée - incertitude forte,Pollution élevée,Action(s) d'amélioration de la qualité de l'air en cours,pollution élevée
IDFM:22111,Porte Dauphine,Métro 2,pollution moyenne,MOYENNE,"Évaluation : modélisation reposant notamment sur la configuration de la station, le trafic et le matériel roulant",non,Action(s) d'amélioration de la qualité de l'air en cours,,,2.277632717545272,48.87139679524832,"48.871396795248316, 2.2776327175452717",pollution moyenne - incertitude forte,Pollution moyenne,Action(s) d'amélioration de la qualité de l'air en cours,pollution moyenne
IDFM:22231,Brochant,Métro 13,pollution faible,FAIBLE,"Évaluation : modélisation reposant notamment sur la configuration de la station, le trafic et le matériel roulant",non,,,,2.3201902468999456,48.89062201554889,"48.89062201554889, 2.3201902468999456",pollution faible - incertitude forte,Pollution faible,,pollution faible
IDFM:462997,Gambetta,Métro 3B,pollution moyenne,MOYENNE,"Évaluation : modélisation reposant notamment sur la configuration de la station, le trafic et le matériel roulant",non,,,,2.398537305704572,48.865032564464,"48.865032564464, 2.398537305704572",pollution moyenne - incertitude forte,Pollution moyenne,,pollution moyenne
IDFM:463162,Commerce,Métro 8,pollution faible,FAIBLE,"Évaluation : modélisation reposant notamment sur la configuration de la station, le trafic et le matériel roulant",non,,,,2.293851708440619,48.84458485524012,"48.84458485524012, 2.293851708440619",pollution faible - incertitude forte,Pollution faible,,pollution faible
IDFM:462986,Sentier,Métro 3,pollution moyenne,MOYENNE,"Évaluation : modélisation reposant notamment sur la configuration de la station, le trafic et le matériel roulant",non,,,,2.347513710821989,48.86728343166051,"48.86728343166051, 2.3475137108219895",pollution moyenne - incertitude forte,Pollution moyenne,,pollution moyenne
IDFM:463219,Mairie d'Issy,Métro 12,pollution moyenne,MOYENNE,"Évaluation : modélisation reposant notamment sur la configuration de la station, le trafic et le matériel roulant",non,,,,2.273558168023932,48.82434428766646,"48.82434428766646, 2.273558168023932",pollution moyenne - incertitude forte,Pollution moyenne,,pollution moyenne
IDFM:463229,Pernety,Métro 13,pollution faible,FAIBLE,"Évaluation : modélisation reposant notamment sur la configuration de la station, le trafic et le matériel roulant",non,,,,2.318323659736018,48.83416372097089,"48.83416372097089, 2.318323659736018",pollution faible - incertitude forte,Pollution faible,,pollution faible
IDFM:463258,Porte de Champerret,Métro 3,pollution moyenne,MOYENNE,"Évaluation : modélisation reposant notamment sur la configuration de la station, le trafic et le matériel roulant",non,,,,2.2921124821588448,48.885652393133846,"48.885652393133846, 2.2921124821588448",pollution moyenne - incertitude forte,Pollution moyenne,,pollution moyenne
IDFM:463238,Michel-Ange - Auteuil,Métro 9,pollution élevée,ELEVE,"Évaluation : modélisation reposant notamment sur la configuration de la station, le trafic et le matériel roulant",oui,Action(s) d'amélioration de la qualité de l'air en cours,,,2.2638093220226634,48.84770893216831,"48.84770893216831, 2.2638093220226634",pollution élevée - incertitude forte,Pollution élevée,Action(s) d'amélioration de la qualité de l'air en cours,pollution élevée
IDFM:490839,Hôpital Bicêtre,Métro 14,pas de données,pas de données,Évaluation : impossible faute d’informations,non,,,,2.349946533239157,48.809971090725966,"48.809971090725966, 2.349946533239157",pas de données,Pas de données,,pas de données
IDFM:463188,Havre-Caumartin,Métro 9,pollution moyenne,MOYENNE,"Évaluation : modélisation reposant notamment sur la configuration de la station, le trafic et le matériel roulant",non,Action(s) d'amélioration de la qualité de l'air en cours,,,2.327677208279404,48.8737568325288,"48.8737568325288, 2.327677208279404",pollution moyenne - incertitude forte,Pollution moyenne,Action(s) d'amélioration de la qualité de l'air en cours,pollution moyenne
IDFM:463041,Tuileries,Métro 1,pollution faible,FAIBLE,"Évaluation : modélisation reposant notamment sur la configuration de la station, le trafic et le matériel roulant",non,,,,2.3296780947116416,48.864477839314645,"48.864477839314645, 2.3296780947116416",pollution faible - incertitude forte,Pollution faible,,pollution faible
IDFM:22401,Villejuif Paul Vaillant-Couturier,Métro 7,pollution moyenne,MOYENNE,"Évaluation : modélisation reposant notamment sur la configuration de la station, le trafic et le matériel roulant",non,,,,2.3683316015776423,48.79631793416014,"48.79631793416014, 2.3683316015776423",pollution moyenne - incertitude forte,Pollution moyenne,,pollution moyenne
IDFM:463082,Front Populaire,Métro 12,pollution moyenne,MOYENNE,"Évaluation : modélisation reposant notamment sur la configuration de la station, le trafic et le matériel roulant",non,,,,2.365792023989413,48.90666420278779,"48.90666420278779, 2.3657920239894126",pollution moyenne - incertitude forte,Pollution moyenne,,pollution moyenne
IDFM:462971,Saint-Lazare,Métro 3,pollution moyenne,MOYENNE,"Évaluation : modélisation reposant notamment sur la configuration de la station, le trafic et le matériel roulant",non,,,,2.3244924701707954,48.87496650103443,"48.87496650103443, 2.3244924701707954",pollution moyenne - incertitude forte,Pollution moyenne,,pollution moyenne
IDFM:22006,Place d'Italie,Métro 5,pollution moyenne,MOYENNE,"Évaluation : modélisation reposant notamment sur la configuration de la station, le trafic et le matériel roulant",non,Action(s) d'amélioration de la qualité de l'air en cours,,,2.35559694336975,48.83096622708413,"48.83096622708413, 2.35559694336975",pollution moyenne - incertitude forte,Pollution moyenne,Action(s) d'amélioration de la qualité de l'air en cours,pollution moyenne
IDFM:22218,Saint-Lazare,Métro 13,pollution faible,FAIBLE,"Évaluation : modélisation reposant notamment sur la configuration de la station, le trafic et le matériel roulant",non,,,,2.325488390672613,48.87538131600797,"48.87538131600797, 2.325488390672613",pollution faible - incertitude forte,Pollution faible,,pollution faible
IDFM:22123,Anvers,Métro 2,pollution moyenne,MOYENNE,"Évaluation : modélisation reposant notamment sur la configuration de la station, le trafic et le matériel roulant",non,Action(s) d'amélioration de la qualité de l'air en cours,,,2.344154840330292,48.882868568843925,"48.882868568843925, 2.3441548403302916",pollution moyenne - incertitude forte,Pollution moyenne,Action(s) d'amélioration de la qualité de l'air en cours,pollution moyenne
IDFM:463278,Porte de Clichy,Métro 13,pollution moyenne,MOYENNE,"Évaluation : modélisation reposant notamment sur la configuration de la station, le trafic et le matériel roulant",non,,,,2.31320835075881,48.89443128801746,"48.89443128801746, 2.31320835075881",pollution moyenne - incertitude forte,Pollution moyenne,,pollution moyenne
IDFM:463209,Liberté,Métro 8,pollution moyenne,MOYENNE,"Évaluation : modélisation reposant notamment sur la configuration de la station, le trafic et le matériel roulant",non,,,,2.406409459132366,48.82608032193611,"48.82608032193611, 2.406409459132366",pollution moyenne - incertitude forte,Pollution moyenne,,pollution moyenne
IDFM:22240,Basilique de Saint-Denis,Métro 13,pollution moyenne,MOYENNE,"Évaluation : modélisation reposant notamment sur la configuration de la station, le trafic et le matériel roulant",non,,,,2.3592958408126816,48.93678306532419,"48.93678306532419, 2.3592958408126816",pollution moyenne - incertitude forte,Pollution moyenne,,pollution moyenne
IDFM:463228,Pereire,Métro 3,pollution moyenne,MOYENNE,"Évaluation : modélisation reposant notamment sur la configuration de la station, le trafic et le matériel roulant",non,,,,2.297701123838181,48.88492986463719,"48.884929864637186, 2.297701123838181",pollution moyenne - incertitude forte,Pollution moyenne,,pollution moyenne
IDFM:22235,Malakoff - Plateau de Vanves,Métro 13,pollution faible,FAIBLE,"Évaluation : modélisation reposant notamment sur la configuration de la station, le trafic et le matériel roulant",non,,,,2.298295381702497,48.82220756804045,"48.82220756804045, 2.298295381702497",pollution faible - incertitude forte,Pollution faible,,pollution faible
IDFM:463127,Bel-Air,Métro 6,station aérienne,station aérienne,,non,,https://www.airparif.fr/,,2.400867131995259,48.84142733223358,"48.84142733223358, 2.400867131995259",station aérienne,Station aérienne,,station aérienne
IDFM:22074,Saint-Paul (Le Marais),Métro 1,pollution faible,FAIBLE,"Évaluation : modélisation reposant notamment sur la configuration de la station, le trafic et le matériel roulant",non,,,,2.3608852562751967,48.85518742160445,"48.85518742160445, 2.3608852562751967",pollution faible - incertitude forte,Pollution faible,,pollution faible
IDFM:463232,Pont Neuf,Métro 7,pollution faible,FAIBLE,"Évaluation : modélisation reposant notamment sur la configuration de la station, le trafic et le matériel roulant",oui,,,,2.341776749148542,48.85854633926832,"48.85854633926832, 2.341776749148542",pollution faible - incertitude forte,Pollution faible,,pollution faible
IDFM:463056,Créteil - Préfecture,Métro 8,station aérienne,station aérienne,,non,,https://www.airparif.fr/,,2.459305169291261,48.77975652677895,"48.77975652677895, 2.4593051692912615",station aérienne,Station aérienne,,station aérienne
IDFM:22084,George V,Métro 1,pollution faible,FAIBLE,"Évaluation : modélisation reposant notamment sur la configuration de la station, le trafic et le matériel roulant",non,,,,2.300759784978918,48.87203776458909,"48.87203776458909, 2.300759784978918",pollution faible - incertitude forte,Pollution faible,,pollution faible
IDFM:463098,Picpus,Métro 6,pollution moyenne,MOYENNE,"Évaluation : modélisation reposant notamment sur la configuration de la station, le trafic et le matériel roulant",non,,,,2.401274538822374,48.84510324750185,"48.84510324750185, 2.4012745388223746",pollution moyenne - incertitude forte,Pollution moyenne,,pollution moyenne
IDFM:22146,Les Halles,Métro 4,pollution faible,FAIBLE,"Évaluation : modélisation reposant notamment sur la configuration de la station, le trafic et le matériel roulant",non,,,,2.34600573656331,48.86252665962869,"48.86252665962869, 2.34600573656331",pollution faible - incertitude forte,Pollution faible,,pollution faible
IDFM:22227,La Fourche,Métro 13,pollution faible,FAIBLE,"Évaluation : modélisation reposant notamment sur la configuration de la station, le trafic et le matériel roulant",non,,,,2.325686960766736,48.88742451051807,"48.887424510518066, 2.3256869607667356",pollution faible - incertitude forte,Pollution faible,,pollution faible
IDFM:463159,Châtelet,Métro 14,pollution moyenne,MOYENNE,"Évaluation : modélisation reposant notamment sur la configuration de la station, le trafic et le matériel roulant",non,,,,2.346411849769497,48.85955653272677,"48.859556532726764, 2.346411849769497",pollution moyenne - incertitude forte,Pollution moyenne,,pollution moyenne
IDFM:463057,Pointe du Lac,Métro 8,station aérienne,station aérienne,,non,,https://www.airparif.fr/,,2.464317312722042,48.76876136434425,"48.76876136434425, 2.464317312722042",station aérienne,Station aérienne,,station aérienne
IDFM:463009,Stalingrad,Métro 2,station aérienne,station aérienne,,non,Action(s) d'amélioration de la qualité de l'air en cours,https://www.airparif.fr/,,2.365774370558169,48.88432054886986,"48.88432054886986, 2.3657743705581695",station aérienne,Station aérienne,Action(s) d'amélioration de la qualité de l'air en cours,station aérienne
IDFM:22040,Pigalle,Métro 12,pollution moyenne,MOYENNE,"Évaluation : modélisation reposant notamment sur la configuration de la station, le trafic et le matériel roulant",non,,,,2.3371840091053384,48.88201178841109,"48.882011788411084, 2.3371840091053384",pollution moyenne - incertitude forte,Pollution moyenne,,pollution moyenne
IDFM:22077,Porte de Vincennes,Métro 1,pollution moyenne,MOYENNE,"Évaluation : modélisation reposant notamment sur la configuration de la station, le trafic et le matériel roulant",oui,,,,2.4108049967015006,48.84700773108863,"48.84700773108863, 2.4108049967015006",pollution moyenne - incertitude forte,Pollution moyenne,,pollution moyenne
IDFM:463124,Avenue Emile Zola,Métro 10,pollution moyenne,MOYENNE,"Évaluation : modélisation reposant notamment sur la configuration de la station, le trafic et le matériel roulant",non,,,,2.2950189971435506,48.84703801370517,"48.84703801370517, 2.2950189971435506",pollution moyenne - incertitude forte,Pollution moyenne,,pollution moyenne
IDFM:22371,Riquet,Métro 7,pollution faible,FAIBLE,"Évaluation : modélisation reposant notamment sur la configuration de la station, le trafic et le matériel roulant",non,,,,2.373764152701256,48.88810829453359,"48.88810829453359, 2.3737641527012556",pollution faible - incertitude forte,Pollution faible,,pollution faible
IDFM:22034,Louise Michel,Métro 3,pollution moyenne,MOYENNE,"Évaluation : modélisation reposant notamment sur la configuration de la station, le trafic et le matériel roulant",non,,,,2.2882778490679767,48.88853900119613,"48.88853900119613, 2.2882778490679767",pollution moyenne - incertitude forte,Pollution moyenne,,pollution moyenne
IDFM:22129,Place de Clichy,Métro 13,pollution faible,FAIBLE,"Évaluation : modélisation reposant notamment sur la configuration de la station, le trafic et le matériel roulant",non,,,,2.327398345647013,48.88373789022764,"48.883737890227636, 2.327398345647013",pollution faible - incertitude forte,Pollution faible,,pollution faible
IDFM:22400,Villejuif - Louis Aragon,Métro 7,pollution moyenne,MOYENNE,"Évaluation : modélisation reposant notamment sur la configuration de la station, le trafic et le matériel roulant",non,,,,2.36783901176962,48.78753717099888,"48.78753717099888, 2.36783901176962",pollution moyenne - incertitude forte,Pollution moyenne,,pollution moyenne
IDFM:22108,Ternes,Métro 2,pollution moyenne,MOYENNE,"Évaluation : modélisation reposant notamment sur la configuration de la station, le trafic et le matériel roulant",non,Action(s) d'amélioration de la qualité de l'air en cours,,,2.2981136521983068,48.8782007528283,"48.8782007528283, 2.2981136521983068",pollution moyenne - incertitude forte,Pollution moyenne,Action(s) d'amélioration de la qualité de l'air en cours,pollution moyenne
IDFM:462956,Exelmans,Métro 9,pollution moyenne,MOYENNE,"Évaluation : modélisation reposant notamment sur la configuration de la station, le trafic et le matériel roulant",non,Action(s) d'amélioration de la qualité de l'air en cours,,,2.25967486021195,48.842624465259945,"48.842624465259945, 2.25967486021195",pollution moyenne - incertitude forte,Pollution moyenne,Action(s) d'amélioration de la qualité de l'air en cours,pollution moyenne
IDFM:22010,Bastille,Métro 5,pollution moyenne,MOYENNE,"Évaluation : modélisation reposant notamment sur la configuration de la station, le trafic et le matériel roulant",non,Action(s) d'amélioration de la qualité de l'air en cours,,,2.368922075646989,48.85328747830434,"48.85328747830434, 2.368922075646989",pollution moyenne - incertitude forte,Pollution moyenne,Action(s) d'amélioration de la qualité de l'air en cours,pollution moyenne
IDFM:463166,Créteil - L'Echat,Métro 8,station aérienne,station aérienne,,non,,https://www.airparif.fr/,,2.449424047013373,48.79661108096057,"48.79661108096057, 2.449424047013373",station aérienne,Station aérienne,,station aérienne
IDFM:463202,La Motte-Picquet - Grenelle,Métro 10,pollution faible,FAIBLE,"Évaluation : modélisation reposant notamment sur la configuration de la station, le trafic et le matériel roulant",non,,,,2.298684579816939,48.849532805857095,"48.849532805857095, 2.298684579816939",pollution faible - incertitude forte,Pollution faible,,pollution faible
IDFM:463061,Hôtel de Ville,Métro 11,pollution moyenne,MOYENNE,"Évaluation : modélisation reposant notamment sur la configuration de la station, le trafic et le matériel roulant",non,,,,2.3514239919428728,48.85760073633446,"48.85760073633446, 2.3514239919428728",pollution moyenne - incertitude forte,Pollution moyenne,,pollution moyenne
IDFM:490762,Serge Gainsbourg,Métro 11,pas de données,pas de données,Évaluation : impossible faute d’informations,non,,,,2.427162168589524,48.88125303440166,"48.88125303440166, 2.4271621685895237",pas de données,Pas de données,,pas de données
IDFM:22364,Châtelet,Métro 7,pollution moyenne,MOYENNE,"Évaluation : modélisation reposant notamment sur la configuration de la station, le trafic et le matériel roulant",non,,,,2.3481609912345776,48.85695346078533,"48.856953460785334, 2.3481609912345776",pollution moyenne - incertitude forte,Pollution moyenne,,pollution moyenne
IDFM:22042,Porte de Versailles,Métro 12,pollution faible,FAIBLE,"Évaluation : modélisation reposant notamment sur la configuration de la station, le trafic et le matériel roulant",non,,,,2.28813294509322,48.83230151439446,"48.83230151439446, 2.2881329450932197",pollution faible - incertitude forte,Pollution faible,,pollution faible
IDFM:22208,Porte de Charenton,Métro 8,pollution faible,FAIBLE,"Évaluation : modélisation reposant notamment sur la configuration de la station, le trafic et le matériel roulant",non,,,,2.402511872850073,48.83344922287947,"48.83344922287947, 2.402511872850073",pollution faible - incertitude forte,Pollution faible,,pollution faible
IDFM:463259,Porte de Saint-Cloud,Métro 9,pollution moyenne,MOYENNE,"Évaluation : modélisation reposant notamment sur la configuration de la station, le trafic et le matériel roulant",non,Action(s) d'amélioration de la qualité de l'air en cours,,,2.2567894964207142,48.83799728287381,"48.83799728287381, 2.2567894964207142",pollution moyenne - incertitude forte,Pollution moyenne,Action(s) d'amélioration de la qualité de l'air en cours,pollution moyenne
IDFM:463233,Pont de Sèvres,Métro 9,pollution moyenne,MOYENNE,"Évaluation : modélisation reposant notamment sur la configuration de la station, le trafic et le matériel roulant",non,Action(s) d'amélioration de la qualité de l'air en cours,,,2.230505217088554,48.82966919074605,"48.82966919074605, 2.2305052170885546",pollution moyenne - incertitude forte,Pollution moyenne,Action(s) d'amélioration de la qualité de l'air en cours,pollution moyenne
IDFM:21941,Mairie de Montreuil,Métro 9,pollution moyenne,MOYENNE,"Évaluation : modélisation reposant notamment sur la configuration de la station, le trafic et le matériel roulant",non,Action(s) d'amélioration de la qualité de l'air en cours,,,2.4418193772459085,48.8622744369706,"48.8622744369706, 2.4418193772459085",pollution moyenne - incertitude forte,Pollution moyenne,Action(s) d'amélioration de la qualité de l'air en cours,pollution moyenne
IDFM:21996,Goncourt,Métro 11,pollution moyenne,MOYENNE,"Évaluation : modélisation reposant notamment sur la configuration de la station, le trafic et le matériel roulant",non,,,,2.3707644347484003,48.8700070178386,"48.8700070178386, 2.3707644347484003",pollution moyenne - incertitude forte,Pollution moyenne,,pollution moyenne
IDFM:463141,Cardinal Lemoine,Métro 10,pollution moyenne,MOYENNE,"Évaluation : modélisation reposant notamment sur la configuration de la station, le trafic et le matériel roulant",non,,,,2.3513280016731763,48.84670003526311,"48.84670003526311, 2.3513280016731763",pollution moyenne - incertitude forte,Pollution moyenne,,pollution moyenne
IDFM:22183,La Motte-Picquet - Grenelle,Métro 8,pollution faible,FAIBLE,"Évaluation : modélisation reposant notamment sur la configuration de la station, le trafic et le matériel roulant",non,,,,2.298745444388579,48.84950618174656,"48.84950618174656, 2.298745444388579",pollution faible - incertitude forte,Pollution faible,,pollution faible
IDFM:463144,Chaussée d'Antin - La Fayette,Métro 9,pollution moyenne,MOYENNE,"Évaluation : modélisation reposant notamment sur la configuration de la station, le trafic et le matériel roulant",non,Action(s) d'amélioration de la qualité de l'air en cours,,,2.333970457594147,48.87280723715393,"48.87280723715393, 2.333970457594147",pollution moyenne - incertitude forte,Pollution moyenne,Action(s) d'amélioration de la qualité de l'air en cours,pollution moyenne
IDFM:24684,Pré-Saint-Gervais,Métro 7B,pollution moyenne,MOYENNE,"Évaluation : modélisation reposant notamment sur la configuration de la station, le trafic et le matériel roulant",non,,,,2.398580770693528,48.8801595806643,"48.8801595806643, 2.398580770693528",pollution moyenne - incertitude forte,Pollution moyenne,,pollution moyenne
IDFM:22197,Grands Boulevards,Métro 8,pollution moyenne,MOYENNE,"Évaluation : modélisation reposant notamment sur la configuration de la station, le trafic et le matériel roulant",non,,,,2.342839648636545,48.87146677844407,"48.87146677844407, 2.342839648636545",pollution moyenne - incertitude forte,Pollution moyenne,,pollution moyenne
IDFM:22009,Campo-Formio,Métro 5,pollution moyenne,MOYENNE,"Évaluation : modélisation reposant notamment sur la configuration de la station, le trafic et le matériel roulant",oui,Action(s) d'amélioration de la qualité de l'air en cours,,,2.358468834639247,48.83559543123327,"48.835595431233266, 2.358468834639247",pollution moyenne - incertitude forte,Pollution moyenne,Action(s) d'amélioration de la qualité de l'air en cours,pollution moyenne
IDFM:463290,Ranelagh,Métro 9,pollution moyenne,MOYENNE,"Évaluation : modélisation reposant notamment sur la configuration de la station, le trafic et le matériel roulant",non,Action(s) d'amélioration de la qualité de l'air en cours,,,2.269948157934635,48.85550355839564,"48.85550355839564, 2.269948157934635",pollution moyenne - incertitude forte,Pollution moyenne,Action(s) d'amélioration de la qualité de l'air en cours,pollution moyenne
IDFM:21907,Michel-Ange - Auteuil,Métro 10,pollution moyenne,MOYENNE,"Évaluation : modélisation reposant notamment sur la configuration de la station, le trafic et le matériel roulant",non,,,,2.263989525333329,48.84797535417627,"48.84797535417627, 2.263989525333329",pollution moyenne - incertitude forte,Pollution moyenne,,pollution moyenne
IDFM:463046,Gare de Lyon,Métro 14,pollution moyenne,MOYENNE,"Évaluation : modélisation reposant notamment sur la configuration de la station, le trafic et le matériel roulant",non,,,,2.373100581933962,48.84467563174822,"48.84467563174822, 2.373100581933962",pollution moyenne - incertitude forte,Pollution moyenne,,pollution moyenne
IDFM:21995,Jourdain,Métro 11,pollution faible,FAIBLE,"Évaluation : modélisation reposant notamment sur la configuration de la station, le trafic et le matériel roulant",non,,,,2.389325378910096,48.875247348641416,"48.875247348641416, 2.389325378910096",pollution faible - incertitude forte,Pollution faible,,pollution faible
IDFM:22043,Rue du Bac,Métro 12,pollution moyenne,MOYENNE,"Évaluation : modélisation reposant notamment sur la configuration de la station, le trafic et le matériel roulant",non,,,,2.3256727584985164,48.85587553200213,"48.85587553200213, 2.3256727584985164",pollution moyenne - incertitude forte,Pollution moyenne,,pollution moyenne
IDFM:22112,Père Lachaise,Métro 2,pollution élevée,ELEVE,"Évaluation : modélisation reposant notamment sur la configuration de la station, le trafic et le matériel roulant",oui,Action(s) d'amélioration de la qualité de l'air en cours,,,2.387689326065689,48.86248637862667,"48.86248637862667, 2.3876893260656895",pollution élevée - incertitude forte,Pollution élevée,Action(s) d'amélioration de la qualité de l'air en cours,pollution élevée
IDFM:462946,République,Métro 3,pollution moyenne,MOYENNE,"Évaluation : modélisation reposant notamment sur la configuration de la station, le trafic et le matériel roulant",oui,,,,2.364333297545428,48.86720306822776,"48.86720306822776, 2.3643332975454276",pollution moyenne - incertitude forte,Pollution moyenne,,pollution moyenne
IDFM:463029,Porte d'Ivry,Métro 7,pollution faible,FAIBLE,"Évaluation : modélisation reposant notamment sur la configuration de la station, le trafic et le matériel roulant",non,,,,2.369294978223312,48.82135298833688,"48.821352988336876, 2.369294978223312",pollution faible - incertitude forte,Pollution faible,,pollution faible
IDFM:22145,Odéon,Métro 4,pollution faible,FAIBLE,"Évaluation : modélisation reposant notamment sur la configuration de la station, le trafic et le matériel roulant",non,,,,2.339486020317896,48.85210334038093,"48.85210334038093, 2.339486020317896",pollution faible - incertitude forte,Pollution faible,,pollution faible
IDFM:463097,Saint-Marcel,Métro 5,pollution moyenne,MOYENNE,"Évaluation : modélisation reposant notamment sur la configuration de la station, le trafic et le matériel roulant",non,Action(s) d'amélioration de la qualité de l'air en cours,,,2.3608176665940044,48.83847698406796,"48.83847698406796, 2.3608176665940044",pollution moyenne - incertitude forte,Pollution moyenne,Action(s) d'amélioration de la qualité de l'air en cours,pollution moyenne
IDFM:480286,Pont Cardinet,Métro 14,pollution moyenne,MOYENNE,"Évaluation : modélisation reposant notamment sur la configuration de la station, le trafic et le matériel roulant",non,,,,2.3151908648850013,48.8881023898884,"48.888102389888395, 2.3151908648850013",pollution moyenne - incertitude forte,Pollution moyenne,,pollution moyenne
IDFM:462955,Montparnasse Bienvenue,Métro 6,pollution moyenne,MOYENNE,"Évaluation : modélisation reposant notamment sur la configuration de la station, le trafic et le matériel roulant",oui,,,,2.3212187199903807,48.84213060781436,"48.84213060781436, 2.3212187199903807",pollution moyenne - incertitude forte,Pollution moyenne,,pollution moyenne
IDFM:22131,Raspail,Métro 4,pollution faible,FAIBLE,"Évaluation : modélisation reposant notamment sur la configuration de la station, le trafic et le matériel roulant",non,,,,2.330466993719873,48.83915635952557,"48.83915635952557, 2.330466993719873",pollution faible - incertitude forte,Pollution faible,,pollution faible
IDFM:21927,Iéna,Métro 9,pollution élevée,ELEVE,"Évaluation : modélisation reposant notamment sur la configuration de la station, le trafic et le matériel roulant",non,Action(s) d'amélioration de la qualité de l'air en cours,,,2.293906396859107,48.86468583928868,"48.864685839288676, 2.293906396859107",pollution élevée - incertitude forte,Pollution élevée,Action(s) d'amélioration de la qualité de l'air en cours,pollution élevée
IDFM:463197,Gare de Lyon,Métro 1,pollution moyenne,MOYENNE,"Évaluation : modélisation reposant notamment sur la configuration de la station, le trafic et le matériel roulant",non,,,,2.373125016776689,48.84575948671397,"48.84575948671397, 2.373125016776689",pollution moyenne - incertitude forte,Pollution moyenne,,pollution moyenne
IDFM:462992,Saint-Sulpice,Métro 4,pollution faible,FAIBLE,"Évaluation : modélisation reposant notamment sur la configuration de la station, le trafic et le matériel roulant",non,,,,2.330953550650454,48.85113858957915,"48.85113858957915, 2.330953550650454",pollution faible - incertitude forte,Pollution faible,,pollution faible
IDFM:22124,Avron,Métro 2,pollution moyenne,MOYENNE,"Évaluation : modélisation reposant notamment sur la configuration de la station, le trafic et le matériel roulant",non,Action(s) d'amélioration de la qualité de l'air en cours,,,2.3981875566593973,48.85164854359716,"48.85164854359716, 2.3981875566593973",pollution moyenne - incertitude forte,Pollution moyenne,Action(s) d'amélioration de la qualité de l'air en cours,pollution moyenne
IDFM:22398,Le Kremlin-Bicêtre,Métro 7,pollution moyenne,MOYENNE,"Évaluation : modélisation reposant notamment sur la configuration de la station, le trafic et le matériel roulant",non,,,,2.362130413802561,48.81025257278989,"48.81025257278989, 2.362130413802561",pollution moyenne - incertitude forte,Pollution moyenne,,pollution moyenne
IDFM:22185,Invalides,Métro 13,pollution faible,FAIBLE,"Évaluation : modélisation reposant notamment sur la configuration de la station, le trafic et le matériel roulant",non,,,,2.3146399951225347,48.86053445554123,"48.86053445554123, 2.3146399951225347",pollution faible - incertitude forte,Pollution faible,,pollution faible
IDFM:22109,Victor Hugo,Métro 2,pollution moyenne,MOYENNE,"Évaluation : modélisation reposant notamment sur la configuration de la station, le trafic et le matériel roulant",oui,Action(s) d'amélioration de la qualité de l'air en cours,,,2.2859020006220643,48.8698545716049,"48.8698545716049, 2.2859020006220643",pollution moyenne - incertitude forte,Pollution moyenne,Action(s) d'amélioration de la qualité de l'air en cours,pollution moyenne
IDFM:463241,Montgallet,Métro 8,pollution faible,FAIBLE,"Évaluation : modélisation reposant notamment sur la configuration de la station, le trafic et le matériel roulant",non,,,,2.3904000136353645,48.84400507570895,"48.84400507570895, 2.3904000136353645",pollution faible - incertitude forte,Pollution faible,,pollution faible
IDFM:22214,Ecole Vétérinaire de Maisons-Alfort,Métro 8,pollution faible,FAIBLE,"Évaluation : modélisation reposant notamment sur la configuration de la station, le trafic et le matériel roulant",non,,,,2.422322751702586,48.814758684006726,"48.814758684006726, 2.422322751702586",pollution faible - incertitude forte,Pollution faible,,pollution faible
IDFM:490791,La Dhuys,Métro 11,pas de données,pas de données,Évaluation : impossible faute d’informations,non,,,,2.465116181953647,48.8780111916913,"48.8780111916913, 2.465116181953647",pas de données,Pas de données,,pas de données
IDFM:463147,Chevaleret,Métro 6,station aérienne,station aérienne,,non,,https://www.airparif.fr/,,2.3680951237726693,48.83494516788824,"48.83494516788824, 2.3680951237726693",station aérienne,Station aérienne,,station aérienne
IDFM:463235,Porte d'Italie,Métro 7,pollution faible,FAIBLE,"Évaluation : modélisation reposant notamment sur la configuration de la station, le trafic et le matériel roulant",non,,,,2.3595297331071694,48.81910659655869,"48.81910659655869, 2.3595297331071694",pollution faible - incertitude forte,Pollution faible,,pollution faible
IDFM:463139,Cadet,Métro 7,pollution faible,FAIBLE,"Évaluation : modélisation reposant notamment sur la configuration de la station, le trafic et le matériel roulant",non,,,,2.344383883779656,48.87604838013132,"48.87604838013132, 2.3443838837796562",pollution faible - incertitude forte,Pollution faible,,pollution faible
IDFM:483904,Mairie d'Aubervilliers,Métro 12,pollution moyenne,MOYENNE,"Évaluation : modélisation reposant notamment sur la configuration de la station, le trafic et le matériel roulant",non,,,,2.3807826993163266,48.913739225808136,"48.913739225808136, 2.3807826993163266",pollution moyenne - incertitude forte,Pollution moyenne,,pollution moyenne
IDFM:21997,Arts et Métiers,Métro 11,pollution moyenne,MOYENNE,"Évaluation : modélisation reposant notamment sur la configuration de la station, le trafic et le matériel roulant",non,,,,2.3565081436435467,48.86529961264491,"48.86529961264491, 2.3565081436435467",pollution moyenne - incertitude forte,Pollution moyenne,,pollution moyenne
IDFM:21971,Eglise d'Auteuil,Métro 10,pollution moyenne,MOYENNE,"Évaluation : modélisation reposant notamment sur la configuration de la station, le trafic et le matériel roulant",non,,,,2.269111389021892,48.84714336145718,"48.84714336145718, 2.2691113890218917",pollution moyenne - incertitude forte,Pollution moyenne,,pollution moyenne
IDFM:21973,Mabillon,Métro 10,pollution faible,FAIBLE,"Évaluation : modélisation reposant notamment sur la configuration de la station, le trafic et le matériel roulant",oui,,,,2.335142819346476,48.85284373829949,"48.85284373829949, 2.335142819346476",pollution faible - incertitude forte,Pollution faible,,pollution faible
IDFM:21991,Pyrénées,Métro 11,pollution moyenne,MOYENNE,"Évaluation : modélisation reposant notamment sur la configuration de la station, le trafic et le matériel roulant",non,,,,2.384883957748741,48.87381265491752,"48.87381265491752, 2.384883957748741",pollution moyenne - incertitude forte,Pollution moyenne,,pollution moyenne
IDFM:22178,Bercy,Métro 6,pollution moyenne,MOYENNE,"Évaluation : modélisation reposant notamment sur la configuration de la station, le trafic et le matériel roulant",non,,,,2.379463070185257,48.840176028121896,"48.840176028121896, 2.379463070185257",pollution moyenne - incertitude forte,Pollution moyenne,,pollution moyenne
IDFM:463171,Etienne Marcel,Métro 4,pollution faible,FAIBLE,"Évaluation : modélisation reposant notamment sur la configuration de la station, le trafic et le matériel roulant",non,,,,2.3489761968791085,48.86370301202431,"48.86370301202431, 2.3489761968791085",pollution faible - incertitude forte,Pollution faible,,pollution faible
IDFM:22159,Strasbourg - Saint-Denis,Métro 8,pollution moyenne,MOYENNE,"Évaluation : modélisation reposant notamment sur la configuration de la station, le trafic et le matériel roulant",non,,,,2.353744768129407,48.86938572399119,"48.86938572399119, 2.353744768129407",pollution moyenne - incertitude forte,Pollution moyenne,,pollution moyenne
IDFM:463043,Charles de Gaulle - Etoile,Métro 2,pollution moyenne,MOYENNE,"Évaluation : modélisation reposant notamment sur la configuration de la station, le trafic et le matériel roulant",non,Action(s) d'amélioration de la qualité de l'air en cours,,,2.295927507409278,48.87494579313413,"48.87494579313413, 2.295927507409278",pollution moyenne - incertitude forte,Pollution moyenne,Action(s) d'amélioration de la qualité de l'air en cours,pollution moyenne
IDFM:463168,Daumesnil,Métro 8,pollution moyenne,MOYENNE,"Évaluation : modélisation reposant notamment sur la configuration de la station, le trafic et le matériel roulant",oui,,,,2.395573606140371,48.83967393140864,"48.83967393140864, 2.395573606140371",pollution moyenne - incertitude forte,Pollution moyenne,,pollution moyenne
IDFM:22378,Pont Marie (Cité des Arts),Métro 7,pollution faible,FAIBLE,"Évaluation : modélisation reposant notamment sur la configuration de la station, le trafic et le matériel roulant",non,,,,2.357349968447059,48.85341474936241,"48.85341474936241, 2.357349968447059",pollution faible - incertitude forte,Pollution faible,,pollution faible
IDFM:22242,Saint-Denis - Université,Métro 13,pollution moyenne,MOYENNE,"Évaluation : modélisation reposant notamment sur la configuration de la station, le trafic et le matériel roulant",non,,,,2.364494290510317,48.945911458883856,"48.945911458883856, 2.3644942905103172",pollution moyenne - incertitude forte,Pollution moyenne,,pollution moyenne
IDFM:22116,Ménilmontant,Métro 2,pollution moyenne,MOYENNE,"Évaluation : modélisation reposant notamment sur la configuration de la station, le trafic et le matériel roulant",non,Action(s) d'amélioration de la qualité de l'air en cours,,,2.38353966877949,48.866440166781686,"48.866440166781686, 2.38353966877949",pollution moyenne - incertitude forte,Pollution moyenne,Action(s) d'amélioration de la qualité de l'air en cours,pollution moyenne
IDFM:463113,Blanche,Métro 2,pollution moyenne,MOYENNE,"Évaluation : modélisation reposant notamment sur la configuration de la station, le trafic et le matériel roulant",non,Action(s) d'amélioration de la qualité de l'air en cours,,,2.3324843754343627,48.88376635447715,"48.88376635447715, 2.3324843754343627",pollution moyenne - incertitude forte,Pollution moyenne,Action(s) d'amélioration de la qualité de l'air en cours,pollution moyenne
IDFM:22237,Châtillon-Montrouge,Métro 13,station aérienne,station aérienne,,non,,https://www.airparif.fr/,,2.301717705004608,48.81075140670139,"48.81075140670139, 2.301717705004608",station aérienne,Station aérienne,,station aérienne
IDFM:463260,Porte de Vanves,Métro 13,pollution faible,FAIBLE,"Évaluation : modélisation reposant notamment sur la configuration de la station, le trafic et le matériel roulant",oui,,,,2.305332386657473,48.82761346400429,"48.827613464004294, 2.3053323866574735",pollution faible - incertitude forte,Pollution faible,,pollution faible
IDFM:21972,Javel - André Citroën,Métro 10,pollution moyenne,MOYENNE,"Évaluation : modélisation reposant notamment sur la configuration de la station, le trafic et le matériel roulant",non,,,,2.278009496527359,48.84618110622323,"48.84618110622323, 2.278009496527359",pollution moyenne - incertitude forte,Pollution moyenne,,pollution moyenne
IDFM:21951,Place des Fêtes,Métro 11,pollution moyenne,MOYENNE,"Évaluation : modélisation reposant notamment sur la configuration de la station, le trafic et le matériel roulant",oui,,,,2.393139370360497,48.87672366197325,"48.87672366197325, 2.393139370360497",pollution moyenne - incertitude forte,Pollution moyenne,,pollution moyenne
IDFM:22115,Place de Clichy,Métro 2,pollution moyenne,MOYENNE,"Évaluation : modélisation reposant notamment sur la configuration de la station, le trafic et le matériel roulant",non,Action(s) d'amélioration de la qualité de l'air en cours,,,2.32795832801022,48.88366908827266,"48.88366908827266, 2.3279583280102196",pollution moyenne - incertitude forte,Pollution moyenne,Action(s) d'amélioration de la qualité de l'air en cours,pollution moyenne
IDFM:463316,Temple,Métro 3,pollution moyenne,MOYENNE,"Évaluation : modélisation reposant notamment sur la configuration de la station, le trafic et le matériel roulant",non,,,,2.361589378332189,48.86668483219092,"48.86668483219092, 2.3615893783321895",pollution moyenne - incertitude forte,Pollution moyenne,,pollution moyenne
IDFM:483277,Barbara,Métro 4,pollution faible,FAIBLE,"Évaluation : modélisation reposant notamment sur la configuration de la station, le trafic et le matériel roulant",non,,,,2.3174992240284045,48.80979025430712,"48.80979025430712, 2.3174992240284045",pollution faible - incertitude forte,Pollution faible,,pollution faible
IDFM:22150,Cité,Métro 4,pollution moyenne,MOYENNE,"Évaluation : modélisation reposant notamment sur la configuration de la station, le trafic et le matériel roulant",non,,,,2.3472322349319112,48.85493384910671,"48.85493384910671, 2.3472322349319112",pollution moyenne - incertitude forte,Pollution moyenne,,pollution moyenne
IDFM:463294,Reuilly - Diderot,Métro 1,pollution faible,FAIBLE,"Évaluation : modélisation reposant notamment sur la configuration de la station, le trafic et le matériel roulant",non,,,,2.3858367760086865,48.84734982784612,"48.84734982784612, 2.3858367760086865",pollution faible - incertitude forte,Pollution faible,,pollution faible
IDFM:462976,Carrefour Pleyel,Métro 13,pollution faible,FAIBLE,"Évaluation : modélisation reposant notamment sur la configuration de la station, le trafic et le matériel roulant",non,,,,2.343534674183465,48.91973260804976,"48.919732608049756, 2.3435346741834655",pollution faible - incertitude forte,Pollution faible,,pollution faible
IDFM:22148,Gare de l'Est,Métro 4,pollution faible,FAIBLE,"Évaluation : modélisation reposant notamment sur la configuration de la station, le trafic et le matériel roulant",non,,,,2.3577495818204395,48.87627821831841,"48.87627821831841, 2.3577495818204395",pollution faible - incertitude forte,Pollution faible,,pollution faible
IDFM:463170,Esplanade de la Défense,Métro 1,pollution moyenne,MOYENNE,"Évaluation : modélisation reposant notamment sur la configuration de la station, le trafic et le matériel roulant",non,,,,2.249931086743073,48.88834989394862,"48.88834989394862, 2.249931086743073",pollution moyenne - incertitude forte,Pollution moyenne,,pollution moyenne
IDFM:463118,Alésia,Métro 4,pollution faible,FAIBLE,"Évaluation : modélisation reposant notamment sur la configuration de la station, le trafic et le matériel roulant",non,,,,2.3271926250651647,48.82815215770352,"48.828152157703514, 2.3271926250651647",pollution faible - incertitude forte,Pollution faible,,pollution faible
IDFM:463045,Olympiades,Métro 14,pollution moyenne,MOYENNE,"Évaluation : modélisation reposant notamment sur la configuration de la station, le trafic et le matériel roulant",non,,,,2.367034270941924,48.82694415504304,"48.826944155043044, 2.367034270941924",pollution moyenne - incertitude forte,Pollution moyenne,,pollution moyenne
IDFM:463019,Bastille,Métro 1,pollution moyenne,MOYENNE,"Évaluation : modélisation reposant notamment sur la configuration de la station, le trafic et le matériel roulant",non,,,,2.368692796099789,48.85196422011205,"48.85196422011205, 2.368692796099789",pollution moyenne - incertitude forte,Pollution moyenne,,pollution moyenne
IDFM:22143,Montparnasse Bienvenue,Métro 4,pollution faible,FAIBLE,"Évaluation : modélisation reposant notamment sur la configuration de la station, le trafic et le matériel roulant",non,,,,2.3243294607791096,48.84385251452581,"48.84385251452581, 2.3243294607791096",pollution faible - incertitude forte,Pollution faible,,pollution faible
IDFM:22041,Porte de la Chapelle,Métro 12,pollution faible,FAIBLE,"Évaluation : modélisation reposant notamment sur la configuration de la station, le trafic et le matériel roulant",non,,,,2.359248542310361,48.89740242267042,"48.89740242267042, 2.359248542310361",pollution faible - incertitude forte,Pollution faible,,pollution faible
IDFM:463094,Barbès - Rochechouart,Métro 2,station aérienne,station aérienne,,non,Action(s) d'amélioration de la qualité de l'air en cours,https://www.airparif.fr/,,2.350573400888514,48.88385234986188,"48.883852349861876, 2.350573400888514",station aérienne,Station aérienne,Action(s) d'amélioration de la qualité de l'air en cours,station aérienne
IDFM:21961,Madeleine,Métro 14,pollution moyenne,MOYENNE,"Évaluation : modélisation reposant notamment sur la configuration de la station, le trafic et le matériel roulant",non,,,,2.3258100487932776,48.87054467671624,"48.87054467671624, 2.3258100487932776",pollution moyenne - incertitude forte,Pollution moyenne,,pollution moyenne
IDFM:463052,Alma - Marceau,Métro 9,pollution moyenne,MOYENNE,"Évaluation : modélisation reposant notamment sur la configuration de la station, le trafic et le matériel roulant",non,Action(s) d'amélioration de la qualité de l'air en cours,,,2.30110435239267,48.86464714790582,"48.86464714790582, 2.3011043523926706",pollution moyenne - incertitude forte,Pollution moyenne,Action(s) d'amélioration de la qualité de l'air en cours,pollution moyenne
IDFM:22160,Saint-Jacques,Métro 6,station aérienne,station aérienne,,non,,https://www.airparif.fr/,,2.337154370925007,48.832916006219165,"48.832916006219165, 2.337154370925007",station aérienne,Station aérienne,,station aérienne
IDFM:463311,Solférino,Métro 12,pollution moyenne,MOYENNE,"Évaluation : modélisation reposant notamment sur la configuration de la station, le trafic et le matériel roulant",non,,,,2.323075964251541,48.85853194972854,"48.85853194972854, 2.3230759642515415",pollution moyenne - incertitude forte,Pollution moyenne,,pollution moyenne
IDFM:463039,Buzenval,Métro 9,pollution moyenne,MOYENNE,"Évaluation : modélisation reposant notamment sur la configuration de la station, le trafic et le matériel roulant",non,Action(s) d'amélioration de la qualité de l'air en cours,,,2.401170769368413,48.85176243983227,"48.85176243983227, 2.401170769368413",pollution moyenne - incertitude forte,Pollution moyenne,Action(s) d'amélioration de la qualité de l'air en cours,pollution moyenne
IDFM:21928,Jasmin,Métro 9,pollution moyenne,MOYENNE,"Évaluation : modélisation reposant notamment sur la configuration de la station, le trafic et le matériel roulant",non,Action(s) d'amélioration de la qualité de l'air en cours,,,2.268219083521012,48.85246214784456,"48.852462147844555, 2.268219083521012",pollution moyenne - incertitude forte,Pollution moyenne,Action(s) d'amélioration de la qualité de l'air en cours,pollution moyenne
IDFM:463276,Porte de Bagnolet,Métro 3,pollution moyenne,MOYENNE,"Évaluation : modélisation reposant notamment sur la configuration de la station, le trafic et le matériel roulant",non,,,,2.4087542211895427,48.86453937293447,"48.86453937293447, 2.4087542211895427",pollution moyenne - incertitude forte,Pollution moyenne,,pollution moyenne
IDFM:463034,Louis Blanc,Métro 7B,pollution moyenne,MOYENNE,"Évaluation : modélisation reposant notamment sur la configuration de la station, le trafic et le matériel roulant",non,,,,2.364365143550256,48.88118341152446,"48.88118341152446, 2.364365143550256",pollution moyenne - incertitude forte,Pollution moyenne,,pollution moyenne
IDFM:22172,Edgar Quinet,Métro 6,pollution moyenne,MOYENNE,"Évaluation : modélisation reposant notamment sur la configuration de la station, le trafic et le matériel roulant",non,,,,2.3253749636089105,48.84098044632817,"48.84098044632817, 2.3253749636089105",pollution moyenne - incertitude forte,Pollution moyenne,,pollution moyenne
IDFM:22092,Châtelet,Métro 4,pollution moyenne,MOYENNE,Évaluation : mesures permanentes,non,,https://air-interieur.ratp.fr/,mesures permanentes,2.3466414308440138,48.859661211559086,"48.859661211559086, 2.3466414308440138",pollution moyenne - incertitude faible,Pollution moyenne,,pollution moyenne
IDFM:463005,Bir-Hakeim,Métro 6,station aérienne,station aérienne,,non,,https://www.airparif.fr/,,2.2894007376346,48.85392536837598,"48.85392536837598, 2.2894007376345997",station aérienne,Station aérienne,,station aérienne
IDFM:22393,Fort d'Aubervilliers,Métro 7,pollution moyenne,MOYENNE,"Évaluation : modélisation reposant notamment sur la configuration de la station, le trafic et le matériel roulant",non,,,,2.404075377271855,48.91475665506255,"48.91475665506255, 2.404075377271855",pollution moyenne - incertitude forte,Pollution moyenne,,pollution moyenne
IDFM:463068,Malesherbes,Métro 3,pollution moyenne,MOYENNE,"Évaluation : modélisation reposant notamment sur la configuration de la station, le trafic et le matériel roulant",non,,,,2.309487846960011,48.88284002257779,"48.88284002257779, 2.309487846960011",pollution moyenne - incertitude forte,Pollution moyenne,,pollution moyenne
IDFM:22176,Cambronne,Métro 6,station aérienne,station aérienne,,non,,https://www.airparif.fr/,,2.302941728337612,48.84754311219352,"48.84754311219352, 2.3029417283376117",station aérienne,Station aérienne,,station aérienne
IDFM:462962,République,Métro 8,pollution moyenne,MOYENNE,"Évaluation : modélisation reposant notamment sur la configuration de la station, le trafic et le matériel roulant",non,,,,2.363149406900382,48.86742161002706,"48.86742161002706, 2.363149406900382",pollution moyenne - incertitude forte,Pollution moyenne,,pollution moyenne
IDFM:463085,Plaisance,Métro 13,pollution moyenne,MOYENNE,"Évaluation : modélisation reposant notamment sur la configuration de la station, le trafic et le matériel roulant",non,,,,2.313860489344306,48.83175036306747,"48.83175036306747, 2.313860489344306",pollution moyenne - incertitude forte,Pollution moyenne,,pollution moyenne
IDFM:462980,Montparnasse Bienvenue,Métro 12,pollution moyenne,MOYENNE,"Évaluation : modélisation reposant notamment sur la configuration de la station, le trafic et le matériel roulant",non,,,,2.32392211008296,48.84374228942691,"48.84374228942691, 2.32392211008296",pollution moyenne - incertitude forte,Pollution moyenne,,pollution moyenne
IDFM:483314,Bagneux - Lucie Aubrac,Métro 4,pollution faible,FAIBLE,"Évaluation : modélisation reposant notamment sur la configuration de la station, le trafic et le matériel roulant",non,,,,2.317458362049886,48.80354822259104,"48.80354822259104, 2.317458362049886",pollution faible - incertitude forte,Pollution faible,,pollution faible
IDFM:463112,Bibliothèque François Mitterrand,Métro 14,pollution faible,FAIBLE,"Évaluation : modélisation reposant notamment sur la configuration de la station, le trafic et le matériel roulant",non,,,,2.376487371168301,48.829925765928905,"48.829925765928905, 2.376487371168301",pollution faible - incertitude forte,Pollution faible,,pollution faible
IDFM:22072,Nation,Métro 2,pollution moyenne,MOYENNE,"Évaluation : modélisation reposant notamment sur la configuration de la station, le trafic et le matériel roulant",non,Action(s) d'amélioration de la qualité de l'air en cours,,,2.395798835112525,48.84845279707999,"48.84845279707999, 2.3957988351125254",pollution moyenne - incertitude forte,Pollution moyenne,Action(s) d'amélioration de la qualité de l'air en cours,pollution moyenne
IDFM:22051,Notre-Dame des Champs,Métro 12,pollution faible,FAIBLE,"Évaluation : modélisation reposant notamment sur la configuration de la station, le trafic et le matériel roulant",non,,,,2.328564944227944,48.84508150807547,"48.84508150807547, 2.328564944227944",pollution faible - incertitude forte,Pollution faible,,pollution faible
IDFM:22232,Les Agnettes,Métro 13,pollution faible,FAIBLE,"Évaluation : modélisation reposant notamment sur la configuration de la station, le trafic et le matériel roulant",non,,,,2.286263202479002,48.92308777796361,"48.92308777796361, 2.286263202479002",pollution faible - incertitude forte,Pollution faible,,pollution faible
IDFM:463174,Gallieni,Métro 3,pollution faible,FAIBLE,"Évaluation : modélisation reposant notamment sur la configuration de la station, le trafic et le matériel roulant",oui,,,,2.415921484287642,48.86539746068654,"48.86539746068654, 2.415921484287642",pollution faible - incertitude forte,Pollution faible,,pollution faible
IDFM:463218,Louvre - Rivoli,Métro 1,pollution faible,FAIBLE,"Évaluation : modélisation reposant notamment sur la configuration de la station, le trafic et le matériel roulant",non,,,,2.3409964272720227,48.86090733426327,"48.86090733426327, 2.3409964272720227",pollution faible - incertitude forte,Pollution faible,,pollution faible
IDFM:463065,Jules Joffrin,Métro 12,pollution faible,FAIBLE,"Évaluation : modélisation reposant notamment sur la configuration de la station, le trafic et le matériel roulant",oui,,,,2.3443200293804827,48.892492268201934,"48.892492268201934, 2.3443200293804827",pollution faible - incertitude forte,Pollution faible,,pollution faible
IDFM:21942,Robespierre,Métro 9,pollution moyenne,MOYENNE,"Évaluation : modélisation reposant notamment sur la configuration de la station, le trafic et le matériel roulant",non,Action(s) d'amélioration de la qualité de l'air en cours,,,2.422973086496352,48.85567380855032,"48.855673808550314, 2.4229730864963517",pollution moyenne - incertitude forte,Pollution moyenne,Action(s) d'amélioration de la qualité de l'air en cours,pollution moyenne
IDFM:22016,Eglise de Pantin,Métro 5,pollution moyenne,MOYENNE,"Évaluation : modélisation reposant notamment sur la configuration de la station, le trafic et le matériel roulant",non,Action(s) d'amélioration de la qualité de l'air en cours,,,2.413119553706935,48.893163974098265,"48.893163974098265, 2.413119553706935",pollution moyenne - incertitude forte,Pollution moyenne,Action(s) d'amélioration de la qualité de l'air en cours,pollution moyenne
IDFM:463077,Jussieu,Métro 10,pollution faible,FAIBLE,"Évaluation : modélisation reposant notamment sur la configuration de la station, le trafic et le matériel roulant",non,,,,2.354944184375758,48.8462878950311,"48.8462878950311, 2.354944184375758",pollution faible - incertitude forte,Pollution faible,,pollution faible
IDFM:462969,Saint-Lazare,Métro 12,pollution moyenne,MOYENNE,"Évaluation : modélisation reposant notamment sur la configuration de la station, le trafic et le matériel roulant",non,,,,2.327470237303278,48.875594817796994,"48.875594817796994, 2.327470237303278",pollution moyenne - incertitude forte,Pollution moyenne,,pollution moyenne
IDFM:463017,Hoche,Métro 5,pollution moyenne,MOYENNE,"Évaluation : modélisation reposant notamment sur la configuration de la station, le trafic et le matériel roulant",non,Action(s) d'amélioration de la qualité de l'air en cours,,,2.403114154894396,48.8914957494373,"48.891495749437304, 2.403114154894396",pollution moyenne - incertitude forte,Pollution moyenne,Action(s) d'amélioration de la qualité de l'air en cours,pollution moyenne
IDFM:463280,Porte de Pantin,Métro 5,pollution moyenne,MOYENNE,"Évaluation : modélisation reposant notamment sur la configuration de la station, le trafic et le matériel roulant",non,Action(s) d'amélioration de la qualité de l'air en cours,,,2.3921229723281483,48.88845921134684,"48.88845921134684, 2.3921229723281483",pollution moyenne - incertitude forte,Pollution moyenne,Action(s) d'amélioration de la qualité de l'air en cours,pollution moyenne
IDFM:22025,Rue Saint-Maur,Métro 3,pollution moyenne,MOYENNE,"Évaluation : modélisation reposant notamment sur la configuration de la station, le trafic et le matériel roulant",non,,,,2.380486332251813,48.86413108020325,"48.86413108020325, 2.380486332251813",pollution moyenne - incertitude forte,Pollution moyenne,,pollution moyenne
IDFM:21943,Croix de Chavaux,Métro 9,pollution moyenne,MOYENNE,"Évaluation : modélisation reposant notamment sur la configuration de la station, le trafic et le matériel roulant",non,Action(s) d'amélioration de la qualité de l'air en cours,,,2.4358546126745826,48.857992585158016,"48.857992585158016, 2.4358546126745826",pollution moyenne - incertitude forte,Pollution moyenne,Action(s) d'amélioration de la qualité de l'air en cours,pollution moyenne
IDFM:22073,Nation,Métro 6,pollution moyenne,MOYENNE,"Évaluation : modélisation reposant notamment sur la configuration de la station, le trafic et le matériel roulant",non,,,,2.3958598043279085,48.84789550545761,"48.84789550545761, 2.3958598043279085",pollution moyenne - incertitude forte,Pollution moyenne,,pollution moyenne
IDFM:22376,Palais Royal - Musée du Louvre,Métro 7,pollution moyenne,MOYENNE,"Évaluation : modélisation reposant notamment sur la configuration de la station, le trafic et le matériel roulant",non,,,,2.337007354765684,48.86268399776967,"48.862683997769665, 2.337007354765684",pollution moyenne - incertitude forte,Pollution moyenne,,pollution moyenne
IDFM:462957,Miromesnil,Métro 9,pollution moyenne,MOYENNE,"Évaluation : modélisation reposant notamment sur la configuration de la station, le trafic et le matériel roulant",non,Action(s) d'amélioration de la qualité de l'air en cours,,,2.3146768238242688,48.87369210197914,"48.87369210197914, 2.3146768238242688",pollution moyenne - incertitude forte,Pollution moyenne,Action(s) d'amélioration de la qualité de l'air en cours,pollution moyenne
IDFM:463081,Madeleine,Métro 12,pollution faible,FAIBLE,"Évaluation : modélisation reposant notamment sur la configuration de la station, le trafic et le matériel roulant",non,Action(s) d'amélioration de la qualité de l'air en cours,,,2.325169929034193,48.87003294090397,"48.87003294090397, 2.325169929034193",pollution faible - incertitude forte,Pollution faible,Action(s) d'amélioration de la qualité de l'air en cours,pollution faible
IDFM:463137,Boulogne Jean Jaurès,Métro 10,pollution moyenne,MOYENNE,"Évaluation : modélisation reposant notamment sur la configuration de la station, le trafic et le matériel roulant",non,,,,2.239077780728926,48.841991575324506,"48.841991575324506, 2.239077780728926",pollution moyenne - incertitude forte,Pollution moyenne,,pollution moyenne
IDFM:22020,Père Lachaise,Métro 3,pollution moyenne,MOYENNE,"Évaluation : modélisation reposant notamment sur la configuration de la station, le trafic et le matériel roulant",non,,,,2.386157046298338,48.86296417435419,"48.86296417435419, 2.386157046298338",pollution moyenne - incertitude forte,Pollution moyenne,,pollution moyenne
IDFM:22217,Saint-François-Xavier,Métro 13,pollution moyenne,MOYENNE,"Évaluation : modélisation reposant notamment sur la configuration de la station, le trafic et le matériel roulant",non,,,,2.314407403528732,48.8512787565696,"48.8512787565696, 2.314407403528732",pollution moyenne - incertitude forte,Pollution moyenne,,pollution moyenne
IDFM:22095,Charles de Gaulle - Etoile,Métro 6,pollution moyenne,MOYENNE,"Évaluation : modélisation reposant notamment sur la configuration de la station, le trafic et le matériel roulant",non,,,,2.294995735441831,48.87383861478572,"48.87383861478572, 2.294995735441831",pollution moyenne - incertitude forte,Pollution moyenne,,pollution moyenne
IDFM:463072,Réaumur - Sébastopol,Métro 4,pollution faible,FAIBLE,"Évaluation : modélisation reposant notamment sur la configuration de la station, le trafic et le matériel roulant",non,,,,2.352381731140252,48.866077771215046,"48.866077771215046, 2.352381731140252",pollution faible - incertitude forte,Pollution faible,,pollution faible
IDFM:22193,Invalides,Métro 8,pollution faible,FAIBLE,"Évaluation : modélisation reposant notamment sur la configuration de la station, le trafic et le matériel roulant",non,,,,2.3146326604445164,48.86109201138112,"48.86109201138112, 2.3146326604445164",pollution faible - incertitude forte,Pollution faible,,pollution faible
IDFM:463230,Philippe Auguste,Métro 2,pollution moyenne,MOYENNE,"Évaluation : modélisation reposant notamment sur la configuration de la station, le trafic et le matériel roulant",non,Action(s) d'amélioration de la qualité de l'air en cours,,,2.390497596745289,48.85808942813576,"48.858089428135756, 2.390497596745289",pollution moyenne - incertitude forte,Pollution moyenne,Action(s) d'amélioration de la qualité de l'air en cours,pollution moyenne
IDFM:22014,Bobigny-Pantin - Raymond Queneau,Métro 5,pollution moyenne,MOYENNE,"Évaluation : modélisation reposant notamment sur la configuration de la station, le trafic et le matériel roulant",non,Action(s) d'amélioration de la qualité de l'air en cours,,,2.426308679232036,48.89560207433252,"48.89560207433252, 2.426308679232036",pollution moyenne - incertitude forte,Pollution moyenne,Action(s) d'amélioration de la qualité de l'air en cours,pollution moyenne
IDFM:21925,Oberkampf,Métro 9,pollution élevée,ELEVE,"Évaluation : modélisation reposant notamment sur la configuration de la station, le trafic et le matériel roulant",oui,Action(s) d'amélioration de la qualité de l'air en cours,,,2.3681558453945515,48.86477709852134,"48.86477709852134, 2.3681558453945515",pollution élevée - incertitude forte,Pollution élevée,Action(s) d'amélioration de la qualité de l'air en cours,pollution élevée
IDFM:22079,Palais Royal - Musée du Louvre,Métro 1,pollution moyenne,MOYENNE,"Évaluation : modélisation reposant notamment sur la configuration de la station, le trafic et le matériel roulant",non,,,,2.336454367754252,48.86222226557415,"48.86222226557415, 2.3364543677542517",pollution moyenne - incertitude forte,Pollution moyenne,,pollution moyenne
IDFM:462959,Vaneau,Métro 10,pollution moyenne,MOYENNE,"Évaluation : modélisation reposant notamment sur la configuration de la station, le trafic et le matériel roulant",non,,,,2.321351242354736,48.84889457005888,"48.84889457005888, 2.3213512423547358",pollution moyenne - incertitude forte,Pollution moyenne,,pollution moyenne
IDFM:463267,Tolbiac,Métro 7,pollution moyenne,MOYENNE,"Évaluation : modélisation reposant notamment sur la configuration de la station, le trafic et le matériel roulant",non,,,,2.357018567738162,48.82615323734341,"48.82615323734341, 2.357018567738162",pollution moyenne - incertitude forte,Pollution moyenne,,pollution moyenne
IDFM:22194,Madeleine,Métro 8,pollution moyenne,MOYENNE,"Évaluation : modélisation reposant notamment sur la configuration de la station, le trafic et le matériel roulant",non,Action(s) d'amélioration de la qualité de l'air en cours,,,2.3260272117729994,48.86956561611772,"48.86956561611772, 2.3260272117729994",pollution moyenne - incertitude forte,Pollution moyenne,Action(s) d'amélioration de la qualité de l'air en cours,pollution moyenne
IDFM:463240,Monceau,Métro 2,pollution moyenne,MOYENNE,"Évaluation : modélisation reposant notamment sur la configuration de la station, le trafic et le matériel roulant",non,Action(s) d'amélioration de la qualité de l'air en cours,,,2.309412967374703,48.88056877012684,"48.880568770126835, 2.309412967374703",pollution moyenne - incertitude forte,Pollution moyenne,Action(s) d'amélioration de la qualité de l'air en cours,pollution moyenne
IDFM:22442,Rue des Boulets,Métro 9,pollution moyenne,MOYENNE,"Évaluation : modélisation reposant notamment sur la configuration de la station, le trafic et le matériel roulant",non,Action(s) d'amélioration de la qualité de l'air en cours,,,2.3891047050322425,48.85221407333194,"48.85221407333194, 2.3891047050322425",pollution moyenne - incertitude forte,Pollution moyenne,Action(s) d'amélioration de la qualité de l'air en cours,pollution moyenne
IDFM:22166,Pasteur,Métro 6,pollution moyenne,MOYENNE,"Évaluation : modélisation reposant notamment sur la configuration de la station, le trafic et le matériel roulant",non,,,,2.312792651441268,48.842482718285865,"48.842482718285865, 2.312792651441268",pollution moyenne - incertitude forte,Pollution moyenne,,pollution moyenne
IDFM:22061,Corentin Celton,Métro 12,pollution moyenne,MOYENNE,"Évaluation : modélisation reposant notamment sur la configuration de la station, le trafic et le matériel roulant",non,,,,2.2789586605256367,48.82682329515912,"48.826823295159116, 2.2789586605256367",pollution moyenne - incertitude forte,Pollution moyenne,,pollution moyenne
IDFM:462993,Saint-Germain-des-Prés,Métro 4,pollution faible,FAIBLE,"Évaluation : modélisation reposant notamment sur la configuration de la station, le trafic et le matériel roulant",non,,,,2.333987429134225,48.85367371343323,"48.85367371343323, 2.3339874291342255",pollution faible - incertitude forte,Pollution faible,,pollution faible
IDFM:21948,Pelleport,Métro 3B,pollution moyenne,MOYENNE,"Évaluation : modélisation reposant notamment sur la configuration de la station, le trafic et le matériel roulant",non,,,,2.40160636134298,48.86842046799948,"48.86842046799948, 2.40160636134298",pollution moyenne - incertitude forte,Pollution moyenne,,pollution moyenne
IDFM:463308,Saint-Placide,Métro 4,pollution faible,FAIBLE,"Évaluation : modélisation reposant notamment sur la configuration de la station, le trafic et le matériel roulant",non,,,,2.327054815066312,48.84700665158937,"48.84700665158937, 2.327054815066312",pollution faible - incertitude forte,Pollution faible,,pollution faible
IDFM:480330,Mairie de Saint-Ouen,Métro 14,pollution moyenne,MOYENNE,"Évaluation : modélisation reposant notamment sur la configuration de la station, le trafic et le matériel roulant",non,,,,2.333545807213269,48.91164217552501,"48.91164217552501, 2.3335458072132695",pollution moyenne - incertitude forte,Pollution moyenne,,pollution moyenne
IDFM:463078,Jussieu,Métro 7,pollution moyenne,MOYENNE,"Évaluation : modélisation reposant notamment sur la configuration de la station, le trafic et le matériel roulant",non,,,,2.354798309820857,48.84596333903808,"48.84596333903808, 2.354798309820857",pollution moyenne - incertitude forte,Pollution moyenne,,pollution moyenne
IDFM:490793,Rosny-Bois-Perrier,Métro 11,pas de données,pas de données,Évaluation : impossible faute d’informations,non,,,,2.480609800808591,48.88302567942574,"48.88302567942574, 2.480609800808591",pas de données,Pas de données,,pas de données
IDFM:24680,Jaurès,Métro 7B,pollution moyenne,MOYENNE,"Évaluation : modélisation reposant notamment sur la configuration de la station, le trafic et le matériel roulant",non,,,,2.370451734004561,48.88234423020823,"48.882344230208226, 2.370451734004561",pollution moyenne - incertitude forte,Pollution moyenne,,pollution moyenne
IDFM:22019,Parmentier,Métro 3,pollution moyenne,MOYENNE,"Évaluation : modélisation reposant notamment sur la configuration de la station, le trafic et le matériel roulant",non,,,,2.3747205969196896,48.86524326053047,"48.86524326053047, 2.3747205969196896",pollution moyenne - incertitude forte,Pollution moyenne,,pollution moyenne
IDFM:463075,Dugommier,Métro 6,pollution moyenne,MOYENNE,"Évaluation : modélisation reposant notamment sur la configuration de la station, le trafic et le matériel roulant",non,,,,2.3895997700798097,48.83903652832887,"48.83903652832887, 2.3895997700798097",pollution moyenne - incertitude forte,Pollution moyenne,,pollution moyenne
IDFM:21920,Strasbourg - Saint-Denis,Métro 9,pollution moyenne,MOYENNE,"Évaluation : modélisation reposant notamment sur la configuration de la station, le trafic et le matériel roulant",non,Action(s) d'amélioration de la qualité de l'air en cours,,,2.3537315826731837,48.869349679171926,"48.869349679171926, 2.3537315826731833",pollution moyenne - incertitude forte,Pollution moyenne,Action(s) d'amélioration de la qualité de l'air en cours,pollution moyenne
IDFM:21906,Havre-Caumartin,Métro 3,pollution faible,FAIBLE,"Évaluation : modélisation reposant notamment sur la configuration de la station, le trafic et le matériel roulant",non,,,,2.327462798423509,48.87346783937801,"48.87346783937801, 2.3274627984235092",pollution faible - incertitude forte,Pollution faible,,pollution faible
IDFM:463152,Corentin Cariou,Métro 7,pollution faible,FAIBLE,"Évaluation : modélisation reposant notamment sur la configuration de la station, le trafic et le matériel roulant",non,,,,2.382291557164633,48.89467266005628,"48.89467266005628, 2.382291557164633",pollution faible - incertitude forte,Pollution faible,,pollution faible
IDFM:463220,Mairie d'Ivry,Métro 7,pollution moyenne,MOYENNE,"Évaluation : modélisation reposant notamment sur la configuration de la station, le trafic et le matériel roulant",non,,,,2.383498053635828,48.811210093393306,"48.811210093393306, 2.383498053635828",pollution moyenne - incertitude forte,Pollution moyenne,,pollution moyenne
IDFM:21994,Arts et Métiers,Métro 3,pollution faible,FAIBLE,"Évaluation : modélisation reposant notamment sur la configuration de la station, le trafic et le matériel roulant",non,,,,2.3567233472754983,48.86553459885931,"48.86553459885931, 2.3567233472754983",pollution faible - incertitude forte,Pollution faible,,pollution faible
IDFM:490837,L'Haÿ-les-Roses,Métro 14,pas de données,pas de données,Évaluation : impossible faute d’informations,non,,,,2.354991210566311,48.77532646395088,"48.77532646395088, 2.354991210566311",pas de données,Pas de données,,pas de données
IDFM:463040,Saint-Mandé,Métro 1,pollution moyenne,MOYENNE,"Évaluation : modélisation reposant notamment sur la configuration de la station, le trafic et le matériel roulant",non,,,,2.4189897063438077,48.84622934735893,"48.84622934735893, 2.4189897063438073",pollution moyenne - incertitude forte,Pollution moyenne,,pollution moyenne
IDFM:463216,Les Gobelins,Métro 7,pollution moyenne,MOYENNE,"Évaluation : modélisation reposant notamment sur la configuration de la station, le trafic et le matériel roulant",non,,,,2.3525311653622043,48.83589170669027,"48.83589170669027, 2.3525311653622043",pollution moyenne - incertitude forte,Pollution moyenne,,pollution moyenne
IDFM:463024,Gare d'Austerlitz,Métro 10,pollution moyenne,MOYENNE,"Évaluation : modélisation reposant notamment sur la configuration de la station, le trafic et le matériel roulant",non,,,,2.364395394600644,48.84228236697996,"48.84228236697996, 2.364395394600644",pollution moyenne - incertitude forte,Pollution moyenne,,pollution moyenne
IDFM:462982,La Chapelle,Métro 2,station aérienne,station aérienne,,non,Action(s) d'amélioration de la qualité de l'air en cours,https://www.airparif.fr/,,2.360430336162137,48.88447648340964,"48.88447648340964, 2.360430336162137",station aérienne,Station aérienne,Action(s) d'amélioration de la qualité de l'air en cours,station aérienne
IDFM:463116,Abbesses,Métro 12,pollution faible,FAIBLE,"Évaluation : modélisation reposant notamment sur la configuration de la station, le trafic et le matériel roulant",non,,,,2.338394635220906,48.88439271799143,"48.884392717991425, 2.338394635220906",pollution faible - incertitude forte,Pollution faible,,pollution faible
IDFM:22126,Couronnes,Métro 2,pollution moyenne,MOYENNE,"Évaluation : modélisation reposant notamment sur la configuration de la station, le trafic et le matériel roulant",non,Action(s) d'amélioration de la qualité de l'air en cours,,,2.3805336747351005,48.86932051914457,"48.86932051914457, 2.3805336747351005",pollution moyenne - incertitude forte,Pollution moyenne,Action(s) d'amélioration de la qualité de l'air en cours,pollution moyenne
IDFM:21999,Mairie des Lilas,Métro 11,pollution moyenne,MOYENNE,"Évaluation : modélisation reposant notamment sur la configuration de la station, le trafic et le matériel roulant",non,,,,2.4162978208011863,48.87974365006289,"48.87974365006289, 2.4162978208011863",pollution moyenne - incertitude forte,Pollution moyenne,,pollution moyenne
IDFM:463083,Duroc,Métro 13,pollution moyenne,MOYENNE,"Évaluation : modélisation reposant notamment sur la configuration de la station, le trafic et le matériel roulant",oui,,,,2.316535081176305,48.84699198555429,"48.84699198555429, 2.316535081176305",pollution moyenne - incertitude forte,Pollution moyenne,,pollution moyenne
IDFM:22192,La Tour-Maubourg,Métro 8,pollution faible,FAIBLE,"Évaluation : modélisation reposant notamment sur la configuration de la station, le trafic et le matériel roulant",non,,,,2.310588789873988,48.85766922956403,"48.85766922956403, 2.3105887898739876",pollution faible - incertitude forte,Pollution faible,,pollution faible
IDFM:22036,Anatole France,Métro 3,pollution faible,FAIBLE,"Évaluation : modélisation reposant notamment sur la configuration de la station, le trafic et le matériel roulant",non,,,,2.28498169634032,48.892206617614,"48.892206617614, 2.2849816963403193",pollution faible - incertitude forte,Pollution faible,,pollution faible
IDFM:22391,Censier - Daubenton,Métro 7,pollution moyenne,MOYENNE,"Évaluation : modélisation reposant notamment sur la configuration de la station, le trafic et le matériel roulant",non,,,,2.351626572605499,48.84022624851393,"48.84022624851393, 2.351626572605499",pollution moyenne - incertitude forte,Pollution moyenne,,pollution moyenne
IDFM:483900,Aimé Césaire,Métro 12,pollution faible,FAIBLE,"Évaluation : modélisation reposant notamment sur la configuration de la station, le trafic et le matériel roulant",non,,,,2.37813084516706,48.90843758066954,"48.90843758066954, 2.37813084516706",pollution faible - incertitude forte,Pollution faible,,pollution faible
IDFM:463323,Villejuif Léo Lagrange,Métro 7,pollution moyenne,MOYENNE,"Évaluation : modélisation reposant notamment sur la configuration de la station, le trafic et le matériel roulant",non,,,,2.364068547658874,48.80436739901952,"48.80436739901952, 2.364068547658874",pollution moyenne - incertitude forte,Pollution moyenne,,pollution moyenne
IDFM:21982,Mirabeau,Métro 10,pollution moyenne,MOYENNE,"Évaluation : modélisation reposant notamment sur la configuration de la station, le trafic et le matériel roulant",oui,Action(s) d'amélioration de la qualité de l'air en cours,,,2.2730641263728333,48.84707750734599,"48.84707750734599, 2.2730641263728333",pollution moyenne - incertitude forte,Pollution moyenne,Action(s) d'amélioration de la qualité de l'air en cours,pollution moyenne
IDFM:22164,Trocadéro,Métro 6,pollution moyenne,MOYENNE,"Évaluation : modélisation reposant notamment sur la configuration de la station, le trafic et le matériel roulant",non,,,,2.287625377853519,48.86346147371448,"48.86346147371448, 2.287625377853519",pollution moyenne - incertitude forte,Pollution moyenne,,pollution moyenne
IDFM:463133,Bonne Nouvelle,Métro 9,pollution moyenne,MOYENNE,"Évaluation : modélisation reposant notamment sur la configuration de la station, le trafic et le matériel roulant",non,Action(s) d'amélioration de la qualité de l'air en cours,,,2.348428667867017,48.87049007203075,"48.87049007203075, 2.348428667867017",pollution moyenne - incertitude forte,Pollution moyenne,Action(s) d'amélioration de la qualité de l'air en cours,pollution moyenne
IDFM:21976,Sèvres - Babylone,Métro 10,pollution moyenne,MOYENNE,"Évaluation : modélisation reposant notamment sur la configuration de la station, le trafic et le matériel roulant",non,,,,2.326104689925573,48.85093150598804,"48.85093150598804, 2.326104689925573",pollution moyenne - incertitude forte,Pollution moyenne,,pollution moyenne
IDFM:21904,Michel-Ange - Molitor,Métro 10,pollution moyenne,MOYENNE,"Évaluation : modélisation reposant notamment sur la configuration de la station, le trafic et le matériel roulant",non,,,,2.2618218573220084,48.84515597018703,"48.84515597018703, 2.2618218573220084",pollution moyenne - incertitude forte,Pollution moyenne,,pollution moyenne
IDFM:463314,Sèvres-Lecourbe,Métro 6,station aérienne,station aérienne,,non,,https://www.airparif.fr/,,2.309529610430393,48.84564768265073,"48.84564768265073, 2.309529610430393",station aérienne,Station aérienne,,station aérienne
IDFM:21992,Rambuteau,Métro 11,pollution moyenne,MOYENNE,"Évaluation : modélisation reposant notamment sur la configuration de la station, le trafic et le matériel roulant",non,,,,2.353273948594772,48.86119015695036,"48.86119015695036, 2.3532739485947713",pollution moyenne - incertitude forte,Pollution moyenne,,pollution moyenne
IDFM:463031,Aubervilliers-Pantin Quatre Chemins,Métro 7,pollution moyenne,MOYENNE,"Évaluation : modélisation reposant notamment sur la configuration de la station, le trafic et le matériel roulant",non,,,,2.3922205712292195,48.90375706036556,"48.90375706036556, 2.3922205712292195",pollution moyenne - incertitude forte,Pollution moyenne,,pollution moyenne
IDFM:463035,Billancourt,Métro 9,pollution moyenne,MOYENNE,"Évaluation : modélisation reposant notamment sur la configuration de la station, le trafic et le matériel roulant",non,Action(s) d'amélioration de la qualité de l'air en cours,,,2.237891101038026,48.83191997405451,"48.83191997405451, 2.237891101038026",pollution moyenne - incertitude forte,Pollution moyenne,Action(s) d'amélioration de la qualité de l'air en cours,pollution moyenne
IDFM:22216,Maisons-Alfort - Les Juilliottes,Métro 8,pollution moyenne,MOYENNE,"Évaluation : modélisation reposant notamment sur la configuration de la station, le trafic et le matériel roulant",non,,,,2.4457883063759605,48.80310585036659,"48.80310585036659, 2.4457883063759605",pollution moyenne - incertitude forte,Pollution moyenne,,pollution moyenne
IDFM:463226,Michel Bizot,Métro 8,pollution faible,FAIBLE,"Évaluation : modélisation reposant notamment sur la configuration de la station, le trafic et le matériel roulant",non,,,,2.402366739988004,48.83707743103578,"48.83707743103578, 2.402366739988004",pollution faible - incertitude forte,Pollution faible,,pollution faible
IDFM:22225,Liège,Métro 13,pollution faible,FAIBLE,"Évaluation : modélisation reposant notamment sur la configuration de la station, le trafic et le matériel roulant",non,,,,2.3268526712397555,48.87953493737576,"48.87953493737576, 2.3268526712397555",pollution faible - incertitude forte,Pollution faible,,pollution faible
IDFM:22128,Belleville,Métro 2,pollution élevée,ELEVE,Évaluation : campagne de mesure ponctuelle,oui,Action(s) d'amélioration de la qualité de l'air en cours,,campagne de mesure ponctuelle,2.3768306915222848,48.87231407736167,"48.872314077361665, 2.3768306915222848",pollution élevée - incertitude faible,Pollution élevée,Action(s) d'amélioration de la qualité de l'air en cours,pollution élevée
IDFM:463169,Daumesnil,Métro 6,pollution moyenne,MOYENNE,"Évaluation : modélisation reposant notamment sur la configuration de la station, le trafic et le matériel roulant",non,,,,2.396146067915452,48.839537421644565,"48.839537421644565, 2.3961460679154514",pollution moyenne - incertitude forte,Pollution moyenne,,pollution moyenne
IDFM:21917,Trocadéro,Métro 9,pollution élevée,ELEVE,"Évaluation : modélisation reposant notamment sur la configuration de la station, le trafic et le matériel roulant",non,Action(s) d'amélioration de la qualité de l'air en cours,,,2.28683987979629,48.863088061116,"48.863088061116, 2.28683987979629",pollution élevée - incertitude forte,Pollution élevée,Action(s) d'amélioration de la qualité de l'air en cours,pollution élevée
IDFM:462949,Convention,Métro 12,pollution moyenne,MOYENNE,"Évaluation : modélisation reposant notamment sur la configuration de la station, le trafic et le matériel roulant",non,,,,2.2963913864809173,48.83713505380496,"48.83713505380496, 2.2963913864809173",pollution moyenne - incertitude forte,Pollution moyenne,,pollution moyenne
IDFM:463070,Wagram,Métro 3,pollution moyenne,MOYENNE,"Évaluation : modélisation reposant notamment sur la configuration de la station, le trafic et le matériel roulant",non,,,,2.304673087584434,48.8838463907272,"48.8838463907272, 2.304673087584434",pollution moyenne - incertitude forte,Pollution moyenne,,pollution moyenne
IDFM:463239,Michel-Ange - Molitor,Métro 9,pollution élevée,ELEVE,"Évaluation : modélisation reposant notamment sur la configuration de la station, le trafic et le matériel roulant",non,Action(s) d'amélioration de la qualité de l'air en cours,,,2.261631583355701,48.844880488259605,"48.844880488259605, 2.261631583355701",pollution élevée - incertitude forte,Pollution élevée,Action(s) d'amélioration de la qualité de l'air en cours,pollution élevée
IDFM:463217,Les Sablons,Métro 1,pollution moyenne,MOYENNE,"Évaluation : modélisation reposant notamment sur la configuration de la station, le trafic et le matériel roulant",non,,,,2.271904762259129,48.88129083793358,"48.88129083793358, 2.271904762259129",pollution moyenne - incertitude forte,Pollution moyenne,,pollution moyenne
IDFM:21970,Duroc,Métro 10,pollution moyenne,MOYENNE,"Évaluation : modélisation reposant notamment sur la configuration de la station, le trafic et le matériel roulant",non,,,,2.3162247549746047,48.84675637808778,"48.84675637808778, 2.3162247549746047",pollution moyenne - incertitude forte,Pollution moyenne,,pollution moyenne
IDFM:22133,Simplon,Métro 4,pollution faible,FAIBLE,"Évaluation : modélisation reposant notamment sur la configuration de la station, le trafic et le matériel roulant",non,,,,2.347794968187123,48.8938152613519,"48.8938152613519, 2.347794968187123",pollution faible - incertitude forte,Pollution faible,,pollution faible
IDFM:490770,Coteaux Beauclair,Métro 11,station aérienne,station aérienne,,non,,https://www.airparif.fr/,,2.4673647804495924,48.88212212689498,"48.88212212689498, 2.4673647804495924",station aérienne,Station aérienne,,station aérienne
IDFM:463105,Corvisart,Métro 6,station aérienne,station aérienne,,non,,https://www.airparif.fr/,,2.350611225926166,48.82986001331238,"48.82986001331238, 2.350611225926166",station aérienne,Station aérienne,,station aérienne
IDFM:463321,Vaugirard,Métro 12,pollution faible,FAIBLE,"Évaluation : modélisation reposant notamment sur la configuration de la station, le trafic et le matériel roulant",non,,,,2.300977822126098,48.83953628376544,"48.83953628376544, 2.300977822126098",pollution faible - incertitude forte,Pollution faible,,pollution faible
IDFM:22098,Reuilly - Diderot,Métro 8,pollution moyenne,MOYENNE,"Évaluation : modélisation reposant notamment sur la configuration de la station, le trafic et le matériel roulant",non,,,,2.387201070409392,48.84721292669797,"48.84721292669797, 2.3872010704093922",pollution moyenne - incertitude forte,Pollution moyenne,,pollution moyenne
IDFM:22195,Opéra,Métro 8,pollution faible,FAIBLE,"Évaluation : modélisation reposant notamment sur la configuration de la station, le trafic et le matériel roulant",non,,,,2.332135072925294,48.87059812248669,"48.87059812248669, 2.332135072925294",pollution faible - incertitude forte,Pollution faible,,pollution faible
IDFM:22171,Dupleix,Métro 6,station aérienne,station aérienne,,non,,https://www.airparif.fr/,,2.293663726731039,48.8504116258067,"48.8504116258067, 2.293663726731039",station aérienne,Station aérienne,,station aérienne
IDFM:21921,Richelieu - Drouot,Métro 9,pollution moyenne,MOYENNE,"Évaluation : modélisation reposant notamment sur la configuration de la station, le trafic et le matériel roulant",non,Action(s) d'amélioration de la qualité de l'air en cours,,,2.3385912215385414,48.87213587031796,"48.872135870317955, 2.3385912215385414",pollution moyenne - incertitude forte,Pollution moyenne,Action(s) d'amélioration de la qualité de l'air en cours,pollution moyenne
IDFM:22151,Denfert-Rochereau,Métro 4,pollution faible,FAIBLE,"Évaluation : modélisation reposant notamment sur la configuration de la station, le trafic et le matériel roulant",non,,,,2.332128160437612,48.83392232305997,"48.83392232305997, 2.3321281604376116",pollution faible - incertitude forte,Pollution faible,,pollution faible
IDFM:462953,Gabriel Péri,Métro 13,pollution moyenne,MOYENNE,"Évaluation : modélisation reposant notamment sur la configuration de la station, le trafic et le matériel roulant",non,,,,2.29460408001733,48.91634741814672,"48.916347418146714, 2.29460408001733",pollution moyenne - incertitude forte,Pollution moyenne,,pollution moyenne
IDFM:463008,Stalingrad,Métro 7,pollution moyenne,MOYENNE,"Évaluation : modélisation reposant notamment sur la configuration de la station, le trafic et le matériel roulant",non,,,,2.3688985490576733,48.88437303056126,"48.88437303056126, 2.3688985490576733",pollution moyenne - incertitude forte,Pollution moyenne,,pollution moyenne
IDFM:22099,Pont de Neuilly,Métro 1,pollution moyenne,MOYENNE,"Évaluation : modélisation reposant notamment sur la configuration de la station, le trafic et le matériel roulant",oui,,,,2.258495429369125,48.88548938897471,"48.885489388974705, 2.2584954293691255",pollution moyenne - incertitude forte,Pollution moyenne,,pollution moyenne
IDFM:463224,Maison Blanche,Métro 7,pollution moyenne,MOYENNE,"Évaluation : modélisation reposant notamment sur la configuration de la station, le trafic et le matériel roulant",non,,,,2.358412946155939,48.82214950607496,"48.82214950607496, 2.358412946155939",pollution moyenne - incertitude forte,Pollution moyenne,,pollution moyenne
IDFM:463263,Porte des Lilas,Métro 11,pollution faible,FAIBLE,"Évaluation : modélisation reposant notamment sur la configuration de la station, le trafic et le matériel roulant",oui,,,,2.4065226763982275,48.87723143067265,"48.87723143067265, 2.4065226763982275",pollution faible - incertitude forte,Pollution faible,,pollution faible
IDFM:490841,Maison Blanche,Métro 14,pas de données,pas de données,Évaluation : impossible faute d’informations,non,,,,2.3589182598590392,48.82120786862075,"48.82120786862075, 2.3589182598590392",pas de données,Pas de données,,pas de données
IDFM:463131,Bobigny Pablo Picasso,Métro 5,pollution moyenne,MOYENNE,"Évaluation : modélisation reposant notamment sur la configuration de la station, le trafic et le matériel roulant",non,Action(s) d'amélioration de la qualité de l'air en cours,,,2.449301336646573,48.90636679503056,"48.906366795030564, 2.4493013366465726",pollution moyenne - incertitude forte,Pollution moyenne,Action(s) d'amélioration de la qualité de l'air en cours,pollution moyenne
IDFM:24682,Place des Fêtes,Métro 7B,pollution moyenne,MOYENNE,"Évaluation : modélisation reposant notamment sur la configuration de la station, le trafic et le matériel roulant",non,,,,2.392959616507311,48.87693859004261,"48.87693859004261, 2.392959616507311",pollution moyenne - incertitude forte,Pollution moyenne,,pollution moyenne
IDFM:463016,Vavin,Métro 4,pollution faible,FAIBLE,"Évaluation : modélisation reposant notamment sur la configuration de la station, le trafic et le matériel roulant",non,,,,2.3288628540691043,48.84205232329236,"48.84205232329236, 2.3288628540691043",pollution faible - incertitude forte,Pollution faible,,pollution faible
IDFM:22093,Champs-Elysées - Clemenceau,Métro 13,pollution faible,FAIBLE,"Évaluation : modélisation reposant notamment sur la configuration de la station, le trafic et le matériel roulant",non,,,,2.31401668387612,48.86750083759083,"48.86750083759083, 2.31401668387612",pollution faible - incertitude forte,Pollution faible,,pollution faible
IDFM:490789,Montreuil - Hôpital,Métro 11,pas de données,pas de données,Évaluation : impossible faute d’informations,non,,,,2.4546692358364623,48.878269829247664,"48.878269829247664, 2.4546692358364623",pas de données,Pas de données,,pas de données
IDFM:463194,La Motte-Picquet - Grenelle,Métro 6,station aérienne,station aérienne,,non,,https://www.airparif.fr/,,2.298957096977008,48.84876544812232,"48.848765448122315, 2.298957096977008",station aérienne,Station aérienne,,station aérienne
IDFM:463320,Varenne,Métro 13,pollution moyenne,MOYENNE,"Évaluation : modélisation reposant notamment sur la configuration de la station, le trafic et le matériel roulant",non,,,,2.3149776470363417,48.85662420264694,"48.85662420264694, 2.3149776470363417",pollution moyenne - incertitude forte,Pollution moyenne,,pollution moyenne
IDFM:22096,Concorde,Métro 8,pollution moyenne,MOYENNE,"Évaluation : modélisation reposant notamment sur la configuration de la station, le trafic et le matériel roulant",non,,,,2.3220315426557194,48.86652125193945,"48.86652125193945, 2.3220315426557194",pollution moyenne - incertitude forte,Pollution moyenne,,pollution moyenne
IDFM:463155,Crimée,Métro 7,pollution moyenne,MOYENNE,"Évaluation : modélisation reposant notamment sur la configuration de la station, le trafic et le matériel roulant",non,,,,2.3770380600019925,48.890814345621656,"48.890814345621656, 2.3770380600019925",pollution moyenne - incertitude forte,Pollution moyenne,,pollution moyenne
IDFM:22220,Porte de Saint-Ouen,Métro 13,pollution faible,FAIBLE,"Évaluation : modélisation reposant notamment sur la configuration de la station, le trafic et le matériel roulant",non,,,,2.3290483407446505,48.89749783732745,"48.89749783732745, 2.3290483407446505",pollution faible - incertitude forte,Pollution faible,,pollution faible
IDFM:463165,Cour Saint-Emilion,Métro 14,pollution faible,FAIBLE,"Évaluation : modélisation reposant notamment sur la configuration de la station, le trafic et le matériel roulant",non,,,,2.386617850214058,48.83331930384343,"48.833319303843425, 2.386617850214058",pollution faible - incertitude forte,Pollution faible,,pollution faible
IDFM:463212,Mairie de Saint-Ouen,Métro 13,pollution moyenne,MOYENNE,"Évaluation : modélisation reposant notamment sur la configuration de la station, le trafic et le matériel roulant",non,,,,2.333893080685357,48.911958864732505,"48.911958864732505, 2.333893080685357",pollution moyenne - incertitude forte,Pollution moyenne,,pollution moyenne
IDFM:22189,Félix Faure,Métro 8,pollution faible,FAIBLE,"Évaluation : modélisation reposant notamment sur la configuration de la station, le trafic et le matériel roulant",non,,,,2.2918472203679703,48.84268433479664,"48.84268433479664, 2.2918472203679703",pollution faible - incertitude forte,Pollution faible,,pollution faible
IDFM:22120,Colonel Fabien,Métro 2,pollution moyenne,MOYENNE,"Évaluation : modélisation reposant notamment sur la configuration de la station, le trafic et le matériel roulant",non,Action(s) d'amélioration de la qualité de l'air en cours,,,2.370576102819657,48.877695345805535,"48.877695345805535, 2.3705761028196575",pollution moyenne - incertitude forte,Pollution moyenne,Action(s) d'amélioration de la qualité de l'air en cours,pollution moyenne
